Workbook

Sheet インプット表
A1: 所得金額（損益通算前） | C1: 前期 | D1: 当期 | J1: 前期 | K1: 当期
A2: 事業所得（営業等） | C2: 12202436 | D2: 5000000 | H2: 社会保険料控除 | J2: 703890 | K2: 630000 | Q2: 金額を入力
A3: 事業所得（農業） | H3: 小規模企業共済等掛金控除 | Q3: 選択
A4: 不動産所得 | H4: 生命保険料控除 | Q4: 人数または寄付先団体数を入力
A5: 配当所得 | H5: 地震保険料控除
A6: 給与所得 | C6: 550000 | H6: 寡婦控除 | J6: × | K6: ×
A7: 雑所得（公的年金等） | C7: 1078634 | H7: ひとり親控除 | J7: × | K7: ×
A8: 雑所得（業務） | H8: 勤労学生控除 | J8: × | K8: ×
A9: 雑所得（その他） | H9: 障碍者控除 | I9: 障碍者 | M9: それぞれの人数を入力
A10: 総合譲渡所得（短期） | I10: 特別障碍者
A11: 総合譲渡所得（長期） | I11: 同居特別障碍者
A12: 一時所得 | H12: 配偶者控除 | J12: 一般 | K12: ×
A13: 分離課税短期譲渡所得金額 | B13: 一般 | H13: 配偶者特別控除 | M13: 配偶者の合計所得金額を入力
B14: 軽減 | H14: 扶養控除 | I14: 一般 | M14: それぞれの人数を入力
A15: 分離課税長期譲渡所得金額 | B15: 一般 | I15: 特定扶養親族
B16: 特定 | I16: 老人扶養親族
B17: 軽課 | I17: 同居老人扶養親族
A18: 一般株式等に係る譲渡所得等の金額 | H18: 特定親族特別控除 | K18: 1000000 | M18: 令和7年度新設 親族等の合計所得金額(58万円超123万円以下)を入力
A19: 上場株式等に係る譲渡所得の金額 | H19: 雑損控除
A20: 上場株式等に係る配当所得等の金額 | H20: 医療費控除 | J20: 134037
A21: 先物取引に係る雑所得等の金額 | H21: 寄付金控除 | I21: 特定寄付金 | J21: 13000 | M21: 特定寄付金の金額を入力
A22: 山林所得金額 | I22: ふるさと納税 | J22: 448000 | K22: 48000
A23: 退職所得金額 | H23: 政党等寄付金等特別控除 | I23: 政党等寄付金
I24: 認定NPO法人寄付金 | J24: 13000
I25: 公益社団法人等寄付金
I27: 共同募金・日赤
I28: 条例指定NPO
H30: 基本控除対象寄付合計（住民税） | J30: =SUM(J22,J27,J28) -> 448000 | K30: =SUM(K22,K27,K28) -> 48000
H31: 特例控除対象寄付合計（住民税） | J31: =J22 -> 448000 | K31: =K22 -> 48000
H33: ワンストップ適用フラグ | J33: TRUE | K33: FALSE
H34: 寄付先団体数 | J34: 10 | K34: 1
H35: 所得税申告 | J35: TRUE | K35: FALSE
H37: 特別税額控除の人数
H39: 源泉徴収税額

Sheet 計算結果
A1: 所得税 | T1: 住民税
A4: 損益通算（前期） | L4: 第一表
O5: 前期 | P5: 当期 | Q5: 当期(寄付なし) | V5: 前期 | W5: 当期 | X5: 当期(寄付なし) | AA5: 前期 | AB5: 当期 | AD5: 寄付による減税額
A6: 譲渡・一時所得の損益の通算 | L6: 所得金額 | M6: 総合課税の合計額 | O6: =SUM(J13:J16) -> 13831070 | P6: =SUM(J40:J43) -> 5000000 | Q6: =SUM(J40:J43) -> 5000000 | T6: 指定都市 | V6: FALSE | W6: FALSE | X6: FALSE | Z6: 所得金額合計 | AA6: =SUM(O6,O38,O39) -> 13831070 | AB6: =SUM(P6,P38,P39) -> 5000000 | AD6: 所得税 | AE6: =Q67-P67 -> 7760
A7: 所得の種類 | C7: 差引金額 | E7: 通算後 | G7: 特別控除 | I7: 譲渡・一時の通算後 | T7: 課税総所得金額 | V7: =IF(ROUNDDOWN(AA6-AA24,-3)<0,0,ROUNDDOWN(AA6-AA24,-3)) -> 12563000 | W7: =IF(ROUNDDOWN(AB6-AB24,-3)<0,0,ROUNDDOWN(AB6-AB24,-3)) -> 3530000 | X7: =IF(ROUNDDOWN(AB6-AB24,-3)<0,0,ROUNDDOWN(AB6-AB24,-3)) -> 3530000 | AD7: 住民税 | AE7: =W38 -> 41305
A8: 総合譲渡所得（短期） | C8: =インプット表!C10 -> 0 | E8: =_xlfn.LET( _xlpm.st,C8, _xlpm.lt,C9, _xlpm.pre_st, IF(_xlpm.st*_xlpm.lt<0, IF(ABS(_xlpm.st)>=ABS(_xlpm.lt), _xlpm.st+_xlpm.lt, 0), _xlpm.st), _xlpm.pre_st ) -> 0 | G8: =_xlfn.LET( _xlpm.ps, MAX(0,E8), MIN(500000, _xlpm.ps) ) -> 0 | I8: =_xlfn.LET( _xlpm.short_init, E8 - G8, _xlpm.long_init, E9 - G9, _xlpm.one_init, MAX(0, E10 - G10), _xlpm.need_short, MAX(0, -_xlpm.short_init), _xlpm.use_long_for_short, MIN(MAX(0, _xlpm.long_init), _xlpm.need_short), _xlpm.rem_need_short, _xlpm.need_short - _xlpm.use_long_for_short, _xlpm.use_one_for_short, MIN(_xlpm.one_init, _xlpm.rem_need_short), _xlpm.need_long, MAX(0, -_xlpm.long_init), _xlpm.use_short_for_long, MIN(MAX(0, _xlpm.short_init), _xlpm.need_long), _xlpm.rem_need_long, _xlpm.need_long - _xlpm.use_short_for_long, _xlpm.use_one_for_long, MIN(_xlpm.one_init, _xlpm.rem_need_long), _xlpm.short_after, IF(_xlpm.short_init<0, _xlpm.short_init + _xlpm.use_long_for_short + _xlpm.use_one_for_short, IF(_xlpm.long_init<0, _xlpm.short_init - _xlpm.use_short_for_long, _xlpm.short_init ) ), _xlpm.short_after ) -> 0 | L8: 控除額 | M8: 社会保険料控除 | O8: =インプット表!J2 -> 703890 | P8: =インプット表!K2 -> 630000 | Q8: =インプット表!K2 -> 630000 | T8: 寄付金額 | V8: =インプット表!J30 -> 448000 | W8: =インプット表!K30 -> 48000 | X8: 0 | Z8: 社会保険料控除 | AA8: =O8 -> 703890 | AB8: =P8 -> 630000 | AD8: 合計 | AE8: =SUM(AE6:AE7) -> 49065
A9: 総合譲渡所得（長期） | C9: =インプット表!C11 -> 0 | E9: =_xlfn.LET( _xlpm.st,C8, _xlpm.lt,C9, _xlpm.pre_lt, IF(_xlpm.st*_xlpm.lt<0, IF(ABS(_xlpm.lt)>ABS(_xlpm.st), _xlpm.st+_xlpm.lt, 0), _xlpm.lt), _xlpm.pre_lt ) -> 0 | G9: =_xlfn.LET( _xlpm.ps, MAX(0,E8), _xlpm.pl, MAX(0,E9), _xlpm.pool, 500000 - MIN(500000, _xlpm.ps), MIN(_xlpm.pool, _xlpm.pl) ) -> 0 | I9: =_xlfn.LET( _xlpm.short_init, E8 - G8, _xlpm.long_init, E9 - G9, _xlpm.one_init, MAX(0, E10 - G10), _xlpm.need_short, MAX(0, -_xlpm.short_init), _xlpm.use_long_for_short, MIN(MAX(0, _xlpm.long_init), _xlpm.need_short), _xlpm.need_long, MAX(0, -_xlpm.long_init), _xlpm.use_short_for_long, MIN(MAX(0, _xlpm.short_init), _xlpm.need_long), _xlpm.rem_need_long, _xlpm.need_long - _xlpm.use_short_for_long, _xlpm.use_one_for_long, MIN(_xlpm.one_init, _xlpm.rem_need_long), _xlpm.long_after, IF(_xlpm.short_init<0, _xlpm.long_init - _xlpm.use_long_for_short, IF(_xlpm.long_init<0, _xlpm.long_init + _xlpm.use_short_for_long + _xlpm.use_one_for_long, _xlpm.long_init ) ), _xlpm.long_after ) -> 0 | M9: 小規模企業共済等掛金控除 | O9: =インプット表!J3 -> 0 | P9: =インプット表!K3 -> 0 | Q9: =インプット表!K3 -> 0 | T9: ふるさと納税寄付金額 | V9: =インプット表!J22 -> 448000 | W9: =インプット表!K22 -> 48000 | X9: 0 | Z9: 小規模企業共済等掛金控除 | AA9: =O9 -> 0 | AB9: =P9 -> 0
A10: 一時 | C10: =IF(インプット表!C12<0,0,インプット表!C12) -> 0 | E10: =C10 -> 0 | G10: =_xlfn.LET( _xlpm.pit, MAX(0,E10), MIN(500000, _xlpm.pit) ) -> 0 | I10: =_xlfn.LET( _xlpm.short_init, E8 - G8, _xlpm.long_init, E9 - G9, _xlpm.one_init, MAX(0, E10 - G10), _xlpm.need_short, MAX(0, -_xlpm.short_init), _xlpm.use_long_for_short, MIN(MAX(0, _xlpm.long_init), _xlpm.need_short), _xlpm.rem_need_short, _xlpm.need_short - _xlpm.use_long_for_short, _xlpm.use_one_for_short, MIN(_xlpm.one_init, _xlpm.rem_need_short), _xlpm.need_long, MAX(0, -_xlpm.long_init), _xlpm.use_short_for_long, MIN(MAX(0, _xlpm.short_init), _xlpm.need_long), _xlpm.rem_need_long, _xlpm.need_long - _xlpm.use_short_for_long, _xlpm.use_one_for_long, MIN(_xlpm.one_init, _xlpm.rem_need_long), _xlpm.one_after, IF(_xlpm.short_init<0, _xlpm.one_init - _xlpm.use_one_for_short, IF(_xlpm.long_init<0, _xlpm.one_init - _xlpm.use_one_for_long, _xlpm.one_init ) ), MAX(0, _xlpm.one_after) ) -> 0 | M10: 生命保険料控除 | O10: =インプット表!J4 -> 0 | P10: =インプット表!K4 -> 0 | Q10: =インプット表!K4 -> 0 | T10: 調整控除前所得割額 | Z10: 生命保険料控除 | AA10: =O10 -> 0 | AB10: =P10 -> 0
M11: 地震保険料控除 | O11: =インプット表!J5 -> 0 | P11: =インプット表!K5 -> 0 | Q11: =インプット表!K5 -> 0 | U11: 市 | V11: =V7*IF(V6=TRUE,マスター!$L$4,マスター!$N$4) +O29*IF(V6=TRUE,マスター!$L$5,マスター!$N$5) +O30*IF(V6=TRUE,マスター!$L$6,マスター!$N$6) +O31*IF(V6=TRUE,マスター!$L$7,マスター!$N$7) +MIN(O32, 20000000)*IF(V6=TRUE,マスター!$L$8,マスター!$N$8) +MAX(O32-20000000, 0)*IF(V6=TRUE,マスター!$L$9,マスター!$N$9) +MIN(O33, 60000000)*IF(V6=TRUE,マスター!$L$10,マスター!$N$10) +MAX(O33-60000000, 0)*IF(V6=TRUE,マスター!$L$11,マスター!$N$11) +O34*IF(V6=TRUE,マスター!$L$12,マスター!$N$12) +O35*IF(V6=TRUE,マスター!$L$13,マスター!$N$13) +O36*IF(V6=TRUE,マスター!$L$14,マスター!$N$14) +O37*IF(V6=TRUE,マスター!$L$15,マスター!$N$15) +O38*IF(V6=TRUE,マスター!$L$16,マスター!$N$16) +O39*IF(V6=TRUE,マスター!$L$17,マスター!$N$17) -> 753780 | W11: =W7*IF(W6=TRUE,マスター!$L$4,マスター!$N$4) +P29*IF(W6=TRUE,マスター!$L$5,マスター!$N$5) +P30*IF(W6=TRUE,マスター!$L$6,マスター!$N$6) +P31*IF(W6=TRUE,マスター!$L$7,マスター!$N$7) +MIN(P32, 20000000)*IF(W6=TRUE,マスター!$L$8,マスター!$N$8) +MAX(P32-20000000, 0)*IF(W6=TRUE,マスター!$L$9,マスター!$N$9) +MIN(P33, 60000000)*IF(W6=TRUE,マスター!$L$10,マスター!$N$10) +MAX(P33-60000000, 0)*IF(W6=TRUE,マスター!$L$11,マスター!$N$11) +P34*IF(W6=TRUE,マスター!$L$12,マスター!$N$12) +P35*IF(W6=TRUE,マスター!$L$13,マスター!$N$13) +P36*IF(W6=TRUE,マスター!$L$14,マスター!$N$14) +P37*IF(W6=TRUE,マスター!$L$15,マスター!$N$15) +P38*IF(W6=TRUE,マスター!$L$16,マスター!$N$16) +P39*IF(W6=TRUE,マスター!$L$17,マスター!$N$17) -> 211800 | X11: =X7*IF(X6=TRUE,マスター!$L$4,マスター!$N$4) +Q29*IF(X6=TRUE,マスター!$L$5,マスター!$N$5) +Q30*IF(X6=TRUE,マスター!$L$6,マスター!$N$6) +Q31*IF(X6=TRUE,マスター!$L$7,マスター!$N$7) +MIN(Q32, 20000000)*IF(X6=TRUE,マスター!$L$8,マスター!$N$8) +MAX(Q32-20000000, 0)*IF(X6=TRUE,マスター!$L$9,マスター!$N$9) +MIN(Q33, 60000000)*IF(X6=TRUE,マスター!$L$10,マスター!$N$10) +MAX(Q33-60000000, 0)*IF(X6=TRUE,マスター!$L$11,マスター!$N$11) +Q34*IF(X6=TRUE,マスター!$L$12,マスター!$N$12) +Q35*IF(X6=TRUE,マスター!$L$13,マスター!$N$13) +Q36*IF(X6=TRUE,マスター!$L$14,マスター!$N$14) +Q37*IF(X6=TRUE,マスター!$L$15,マスター!$N$15) +Q38*IF(X6=TRUE,マスター!$L$16,マスター!$N$16) +Q39*IF(X6=TRUE,マスター!$L$17,マスター!$N$17) -> 211800 | Z11: 地震保険料控除 | AA11: =O11 -> 0 | AB11: =P11 -> 0
C12: 通算前 | E12: 第1次通算後 | G12: 第2次通算後 | I12: 第3次通算後 | J12: 所得金額 | M12: 寡婦控除 | O12: =IF(AND(インプット表!$J$6="〇",インプット表!$C$25<=5000000),270000,0) -> 0 | P12: =IF(AND(インプット表!K6="〇",インプット表!$D$25<=5000000),270000,0) -> 0 | Q12: =IF(AND(インプット表!K6="〇",インプット表!$D$25<=5000000),270000,0) -> 0 | U12: 県 | V12: =V7*IF(V6=TRUE,マスター!$M$4,マスター!$O$4) +O29*IF(V6=TRUE,マスター!$M$5,マスター!$O$5) +O30*IF(V6=TRUE,マスター!$M$6,マスター!$O$6) +O31*IF(V6=TRUE,マスター!$M$7,マスター!$O$7) +MIN(O32, 20000000)*IF(V6=TRUE,マスター!$M$8,マスター!$O$8) +MAX(O32-20000000, 0)*IF(V6=TRUE,マスター!$M$9,マスター!$O$9) +MIN(O33, 60000000)*IF(V6=TRUE,マスター!$M$10,マスター!$O$10) +MAX(O33-60000000, 0)*IF(V6=TRUE,マスター!$M$11,マスター!$O$11) +O34*IF(V6=TRUE,マスター!$M$12,マスター!$O$12) +O35*IF(V6=TRUE,マスター!$M$13,マスター!$O$13) +O36*IF(V6=TRUE,マスター!$M$14,マスター!$O$14) +O37*IF(V6=TRUE,マスター!$M$15,マスター!$O$15) +O38*IF(V6=TRUE,マスター!$M$16,マスター!$O$16) +O39*IF(V6=TRUE,マスター!$M$17,マスター!$O$17) -> 502520 | W12: =W7*IF(W6=TRUE,マスター!$M$4,マスター!$O$4) +P29*IF(W6=TRUE,マスター!$M$5,マスター!$O$5) +P30*IF(W6=TRUE,マスター!$M$6,マスター!$O$6) +P31*IF(W6=TRUE,マスター!$M$7,マスター!$O$7) +MIN(P32, 20000000)*IF(W6=TRUE,マスター!$M$8,マスター!$O$8) +MAX(P32-20000000, 0)*IF(W6=TRUE,マスター!$M$9,マスター!$O$9) +MIN(P33, 60000000)*IF(W6=TRUE,マスター!$M$10,マスター!$O$10) +MAX(P33-60000000, 0)*IF(W6=TRUE,マスター!$M$11,マスター!$O$11) +P34*IF(W6=TRUE,マスター!$M$12,マスター!$O$12) +P35*IF(W6=TRUE,マスター!$M$13,マスター!$O$13) +P36*IF(W6=TRUE,マスター!$M$14,マスター!$O$14) +P37*IF(W6=TRUE,マスター!$M$15,マスター!$O$15) +P38*IF(W6=TRUE,マスター!$M$16,マスター!$O$16) +P39*IF(W6=TRUE,マスター!$M$17,マスター!$O$17) -> 141200 | X12: =X7*IF(X6=TRUE,マスター!$M$4,マスター!$O$4) +Q29*IF(X6=TRUE,マスター!$M$5,マスター!$O$5) +Q30*IF(X6=TRUE,マスター!$M$6,マスター!$O$6) +Q31*IF(X6=TRUE,マスター!$M$7,マスター!$O$7) +MIN(Q32, 20000000)*IF(X6=TRUE,マスター!$M$8,マスター!$O$8) +MAX(Q32-20000000, 0)*IF(X6=TRUE,マスター!$M$9,マスター!$O$9) +MIN(Q33, 60000000)*IF(X6=TRUE,マスター!$M$10,マスター!$O$10) +MAX(Q33-60000000, 0)*IF(X6=TRUE,マスター!$M$11,マスター!$O$11) +Q34*IF(X6=TRUE,マスター!$M$12,マスター!$O$12) +Q35*IF(X6=TRUE,マスター!$M$13,マスター!$O$13) +Q36*IF(X6=TRUE,マスター!$M$14,マスター!$O$14) +Q37*IF(X6=TRUE,マスター!$M$15,マスター!$O$15) +Q38*IF(X6=TRUE,マスター!$M$16,マスター!$O$16) +Q39*IF(X6=TRUE,マスター!$M$17,マスター!$O$17) -> 141200 | Z12: 寡婦控除 | AA12: =IF(AND(インプット表!$J$6="〇",インプット表!$C$25<5000000),260000,0) -> 0 | AB12: =IF(AND(インプット表!$K$6="〇",インプット表!$D$25<5000000),260000,0) -> 0
A13: 経常所得 | C13: =SUM(インプット表!C2,インプット表!C3,インプット表!C4,IF(インプット表!C5<0,0,インプット表!C5),IF(インプット表!C6<0,0,インプット表!C6),IF(インプット表!C7<0,0,インプット表!C7),IF(インプット表!C8<0,0,インプット表!C8),IF(インプット表!C9<0,0,インプット表!C9)) -> 13831070 | D13: 第1次 | E13: =_xlfn.LET( _xlpm.econ,C13, _xlpm.shortT,C14, _xlpm.longT,C15, _xlpm.oneTime,C16, _xlpm.econ_pos,MAX(0,_xlpm.econ), _xlpm.lt_neg,MAX(0,-_xlpm.longT), _xlpm.st_neg,MAX(0,-_xlpm.shortT), _xlpm.use_econ,MIN(_xlpm.econ_pos, _xlpm.lt_neg+_xlpm.st_neg), _xlpm.lt_raise,MIN(_xlpm.use_econ, _xlpm.lt_neg), _xlpm.st_raise,MIN(_xlpm.use_econ-_xlpm.lt_raise, _xlpm.st_neg), _xlpm.econ_after, _xlpm.econ-(_xlpm.lt_raise+_xlpm.st_raise), _xlpm.st_after, _xlpm.shortT+_xlpm.st_raise, _xlpm.lt_after, _xlpm.longT+_xlpm.lt_raise, _xlpm.it_after, _xlpm.oneTime, _xlpm.econ_neg,MAX(0,-_xlpm.econ_after), _xlpm.use_from_st,MIN(MAX(0,_xlpm.st_after), _xlpm.econ_neg), _xlpm.use_from_lt,MIN(MAX(0,_xlpm.lt_after), _xlpm.econ_neg-_xlpm.use_from_st), _xlpm.use_from_it,MIN(MAX(0,_xlpm.it_after), _xlpm.econ_neg-_xlpm.use_from_st-_xlpm.use_from_lt), _xlpm.econ_after + _xlpm.use_from_st + _xlpm.use_from_lt + _xlpm.use_from_it ) -> 13831070 | F13: 第2次 | G13: =_xlfn.LET( _xlpm.econ,E13, _xlpm.st,E14, _xlpm.lt,E15, _xlpm.it,E16, _xlpm.forest,E17, _xlpm.forest_pos,MAX(0,_xlpm.forest), _xlpm.forest_neg,MAX(0,-_xlpm.forest), _xlpm.ltNeg,MAX(0,-_xlpm.lt), _xlpm.stNeg,MAX(0,-_xlpm.st), _xlpm.econNeg,MAX(0,-_xlpm.econ), _xlpm.ltPos,MAX(0,_xlpm.lt), _xlpm.stPos,MAX(0,_xlpm.st), _xlpm.econPos,MAX(0,_xlpm.econ), _xlpm.itPos,MAX(0,_xlpm.it), _xlpm.use_lt_pos, MIN(_xlpm.forest_pos, _xlpm.ltNeg), _xlpm.use_st_pos, MIN(_xlpm.forest_pos-_xlpm.use_lt_pos, _xlpm.stNeg), _xlpm.use_econ_pos,MIN(_xlpm.forest_pos-_xlpm.use_lt_pos-_xlpm.use_st_pos, _xlpm.econNeg), _xlpm.econ_when_pos, _xlpm.econ + _xlpm.use_econ_pos, _xlpm.use_from_econ, MIN(_xlpm.econPos, _xlpm.forest_neg), _xlpm.use_from_st, MIN(_xlpm.stPos, _xlpm.forest_neg - _xlpm.use_from_econ), _xlpm.use_from_lt, MIN(_xlpm.ltPos, _xlpm.forest_neg - _xlpm.use_from_econ - _xlpm.use_from_st), _xlpm.use_from_it, MIN(_xlpm.itPos, _xlpm.forest_neg - _xlpm.use_from_econ - _xlpm.use_from_st - _xlpm.use_from_lt), _xlpm.econ_when_neg, _xlpm.econ - _xlpm.use_from_econ, IF(_xlpm.forest>=0, _xlpm.econ_when_pos, _xlpm.econ_when_neg) ) -> 13831070 | H13: 第3次 | I13: =_xlfn.LET( _xlpm.econ,G13, _xlpm.st,G14, _xlpm.lt,G15, _xlpm.it,G16, _xlpm.forest,G17, _xlpm.retire,G18, _xlpm.ret_pos,MAX(0,_xlpm.retire), _xlpm.neg_lt,MAX(0,-_xlpm.lt), _xlpm.neg_st,MAX(0,-_xlpm.st), _xlpm.neg_econ,MAX(0,-_xlpm.econ), _xlpm.neg_for,MAX(0,-_xlpm.forest), _xlpm.use_lt,MIN(_xlpm.ret_pos,_xlpm.neg_lt), _xlpm.use_st,MIN(_xlpm.ret_pos-_xlpm.use_lt,_xlpm.neg_st), _xlpm.use_econ,MIN(_xlpm.ret_pos-_xlpm.use_lt-_xlpm.use_st,_xlpm.neg_econ), _xlpm.use_for,MIN(_xlpm.ret_pos-_xlpm.use_lt-_xlpm.use_st-_xlpm.use_econ,_xlpm.neg_for), _xlpm.econ + _xlpm.use_econ ) -> 13831070 | J13: =I13 -> 13831070 | M13: ひとり親控除 | O13: =IF(AND(インプット表!$J$7="〇",インプット表!$C$25<=5000000),350000,0) -> 0 | P13: =IF(AND(インプット表!K7="〇",インプット表!$D$25<=5000000),350000,0) -> 0 | Q13: =IF(AND(インプット表!K7="〇",インプット表!$D$25<=5000000),350000,0) -> 0 | T13: 調整控除額 | Z13: ひとり親控除 | AA13: =IF(AND(インプット表!$J$7="〇",インプット表!$C$25<5000000),300000,0) -> 0 | AB13: =IF(AND(インプット表!$K$7="〇",インプット表!$D$25<5000000),300000,0) -> 0
A14: 総合譲渡所得（短期） | C14: =I8 -> 0 | E14: =_xlfn.LET( _xlpm.econ,C13, _xlpm.shortT,C14, _xlpm.longT,C15, _xlpm.oneTime,C16, _xlpm.econ_pos,MAX(0,_xlpm.econ), _xlpm.lt_neg,MAX(0,-_xlpm.longT), _xlpm.st_neg,MAX(0,-_xlpm.shortT), _xlpm.use_econ,MIN(_xlpm.econ_pos, _xlpm.lt_neg+_xlpm.st_neg), _xlpm.lt_raise,MIN(_xlpm.use_econ, _xlpm.lt_neg), _xlpm.st_raise,MIN(_xlpm.use_econ-_xlpm.lt_raise, _xlpm.st_neg), _xlpm.econ_after, _xlpm.econ-(_xlpm.lt_raise+_xlpm.st_raise), _xlpm.st_after, _xlpm.shortT+_xlpm.st_raise, _xlpm.econ_neg,MAX(0,-_xlpm.econ_after), _xlpm.use_from_st,MIN(MAX(0,_xlpm.st_after), _xlpm.econ_neg), _xlpm.st_after - _xlpm.use_from_st ) -> 0 | G14: =_xlfn.LET( _xlpm.econ,E13, _xlpm.st,E14, _xlpm.lt,E15, _xlpm.it,E16, _xlpm.forest,E17, _xlpm.forest_pos,MAX(0,_xlpm.forest), _xlpm.forest_neg,MAX(0,-_xlpm.forest), _xlpm.ltNeg,MAX(0,-_xlpm.lt), _xlpm.stNeg,MAX(0,-_xlpm.st), _xlpm.ltPos,MAX(0,_xlpm.lt), _xlpm.stPos,MAX(0,_xlpm.st), _xlpm.itPos,MAX(0,_xlpm.it), _xlpm.econPos,MAX(0,_xlpm.econ), _xlpm.use_lt_pos, MIN(_xlpm.forest_pos, _xlpm.ltNeg), _xlpm.use_st_pos, MIN(_xlpm.forest_pos-_xlpm.use_lt_pos, _xlpm.stNeg), _xlpm.st_when_pos, _xlpm.st + _xlpm.use_st_pos, _xlpm.use_from_econ, MIN(_xlpm.econPos, _xlpm.forest_neg), _xlpm.use_from_st, MIN(_xlpm.stPos, _xlpm.forest_neg - _xlpm.use_from_econ), _xlpm.st_when_neg, _xlpm.st - _xlpm.use_from_st, IF(_xlpm.forest>=0, _xlpm.st_when_pos, _xlpm.st_when_neg) ) -> 0 | I14: =_xlfn.LET( _xlpm.econ,G13, _xlpm.st,G14, _xlpm.lt,G15, _xlpm.it,G16, _xlpm.forest,G17, _xlpm.retire,G18, _xlpm.ret_pos,MAX(0,_xlpm.retire), _xlpm.neg_lt,MAX(0,-_xlpm.lt), _xlpm.neg_st,MAX(0,-_xlpm.st), _xlpm.neg_econ,MAX(0,-_xlpm.econ), _xlpm.neg_for,MAX(0,-_xlpm.forest), _xlpm.use_lt,MIN(_xlpm.ret_pos,_xlpm.neg_lt), _xlpm.use_st,MIN(_xlpm.ret_pos-_xlpm.use_lt,_xlpm.neg_st), _xlpm.st + _xlpm.use_st ) -> 0 | J14: =I14 -> 0 | M14: 勤労学生控除 | O14: =IF(インプット表!$J$8="〇",270000,0) -> 0 | P14: =IF(インプット表!K8="〇",270000,0) -> 0 | Q14: =IF(インプット表!K8="〇",270000,0) -> 0 | U14: 市 | V14: =IF(OR($AA$6>25000000, $V$7<=0), 0, _xlfn.LET( _xlpm.I, $V$7, _xlpm.D, $AA$39 - $AA$38, _xlpm.total, IF(_xlpm.I<=2000000, MIN(_xlpm.D+50000, _xlpm.I) * 0.05, MAX( (_xlpm.D +50000 - (_xlpm.I - 2000000)) * 0.05, 2500 ) ), _xlpm.total * IF($V$6, 4/5, 3/5) ) ) -> 1500 | W14: =IF(W7=0,0,50000*IF(W6=TRUE,マスター!$L$18,マスター!$N$18)) -> 1500 | X14: =IF(X7=0,0,50000*IF(X6=TRUE,マスター!$L$18,マスター!$N$18)) -> 1500 | Z14: 勤労学生控除 | AA14: =IF(インプット表!$J$8="〇",260000,0) -> 0 | AB14: =IF(インプット表!$K$8="〇",260000,0) -> 0
A15: 総合譲渡所得（長期） | C15: =I9 -> 0 | E15: =_xlfn.LET( _xlpm.econ,C13, _xlpm.shortT,C14, _xlpm.longT,C15, _xlpm.oneTime,C16, _xlpm.econ_pos,MAX(0,_xlpm.econ), _xlpm.lt_neg,MAX(0,-_xlpm.longT), _xlpm.st_neg,MAX(0,-_xlpm.shortT), _xlpm.use_econ,MIN(_xlpm.econ_pos, _xlpm.lt_neg+_xlpm.st_neg), _xlpm.lt_raise,MIN(_xlpm.use_econ, _xlpm.lt_neg), _xlpm.st_raise,MIN(_xlpm.use_econ-_xlpm.lt_raise, _xlpm.st_neg), _xlpm.econ_after, _xlpm.econ-(_xlpm.lt_raise+_xlpm.st_raise), _xlpm.lt_after, _xlpm.longT+_xlpm.lt_raise, _xlpm.econ_neg,MAX(0,-_xlpm.econ_after), _xlpm.use_from_st,MIN(MAX(0,_xlpm.shortT+_xlpm.st_raise), _xlpm.econ_neg), _xlpm.use_from_lt,MIN(MAX(0,_xlpm.lt_after), _xlpm.econ_neg-_xlpm.use_from_st), _xlpm.lt_after - _xlpm.use_from_lt ) -> 0 | G15: =_xlfn.LET( _xlpm.econ,E13, _xlpm.st,E14, _xlpm.lt,E15, _xlpm.it,E16, _xlpm.forest,E17, _xlpm.forest_pos,MAX(0,_xlpm.forest), _xlpm.forest_neg,MAX(0,-_xlpm.forest), _xlpm.ltNeg,MAX(0,-_xlpm.lt), _xlpm.stNeg,MAX(0,-_xlpm.st), _xlpm.ltPos,MAX(0,_xlpm.lt), _xlpm.stPos,MAX(0,_xlpm.st), _xlpm.itPos,MAX(0,_xlpm.it), _xlpm.econPos,MAX(0,_xlpm.econ), _xlpm.use_lt_pos, MIN(_xlpm.forest_pos, _xlpm.ltNeg), _xlpm.lt_when_pos, _xlpm.lt + _xlpm.use_lt_pos, _xlpm.use_from_econ, MIN(_xlpm.econPos, _xlpm.forest_neg), _xlpm.use_from_st, MIN(_xlpm.stPos, _xlpm.forest_neg - _xlpm.use_from_econ), _xlpm.use_from_lt, MIN(_xlpm.ltPos, _xlpm.forest_neg - _xlpm.use_from_econ - _xlpm.use_from_st), _xlpm.lt_when_neg, _xlpm.lt - _xlpm.use_from_lt, IF(_xlpm.forest>=0, _xlpm.lt_when_pos, _xlpm.lt_when_neg) ) -> 0 | I15: =_xlfn.LET( _xlpm.econ,G13, _xlpm.st,G14, _xlpm.lt,G15, _xlpm.it,G16, _xlpm.forest,G17, _xlpm.retire,G18, _xlpm.ret_pos,MAX(0,_xlpm.retire), _xlpm.neg_lt,MAX(0,-_xlpm.lt), _xlpm.neg_st,MAX(0,-_xlpm.st), _xlpm.neg_econ,MAX(0,-_xlpm.econ), _xlpm.neg_for,MAX(0,-_xlpm.forest), _xlpm.use_lt,MIN(_xlpm.ret_pos,_xlpm.neg_lt), _xlpm.lt + _xlpm.use_lt ) -> 0 | J15: =I15/2 -> 0 | M15: 障害者控除 | O15: =SUM(インプット表!$J$9*270000,インプット表!$J$10*400000,インプット表!$J$11*750000) -> 0 | P15: =SUM(インプット表!K9*270000,インプット表!K10*400000,インプット表!K11*750000) -> 0 | Q15: =SUM(インプット表!K9*270000,インプット表!K10*400000,インプット表!K11*750000) -> 0 | U15: 県 | V15: =IF(OR($AA$6>25000000, $V$7<=0), 0, _xlfn.LET( _xlpm.I, $V$7, _xlpm.D, $AA$39 - $AA$38, _xlpm.total, IF(_xlpm.I<=2000000, MIN(_xlpm.D +50000, _xlpm.I) * 0.05, MAX( (_xlpm.D + 50000 - (_xlpm.I - 2000000)) * 0.05, 2500 ) ), _xlpm.total * IF($V$6, 1/5, 2/5) ) ) -> 1000 | W15: =IF(W7=0,0,50000*IF(W6=TRUE,マスター!$M$18,マスター!$O$18)) -> 1000 | X15: =IF(X7=0,0,50000*IF(X6=TRUE,マスター!$M$18,マスター!$O$18)) -> 1000 | Z15: 障害者控除 | AA15: =SUM(インプット表!$J$9*260000,インプット表!$J$10*300000,インプット表!$J$11*530000) -> 0 | AB15: =SUM(インプット表!$K$9*260000,インプット表!$K$10*300000,インプット表!$K$11*530000) -> 0
A16: 一時所得 | C16: =I10 -> 0 | E16: =_xlfn.LET( _xlpm.econ,C13, _xlpm.shortT,C14, _xlpm.longT,C15, _xlpm.oneTime,C16, _xlpm.econ_pos,MAX(0,_xlpm.econ), _xlpm.lt_neg,MAX(0,-_xlpm.longT), _xlpm.st_neg,MAX(0,-_xlpm.shortT), _xlpm.use_econ,MIN(_xlpm.econ_pos, _xlpm.lt_neg+_xlpm.st_neg), _xlpm.lt_raise,MIN(_xlpm.use_econ, _xlpm.lt_neg), _xlpm.st_raise,MIN(_xlpm.use_econ-_xlpm.lt_raise, _xlpm.st_neg), _xlpm.econ_after, _xlpm.econ-(_xlpm.lt_raise+_xlpm.st_raise), _xlpm.st_after, _xlpm.shortT+_xlpm.st_raise, _xlpm.lt_after, _xlpm.longT+_xlpm.lt_raise, _xlpm.it_after, _xlpm.oneTime, _xlpm.econ_neg,MAX(0,-_xlpm.econ_after), _xlpm.use_from_st,MIN(MAX(0,_xlpm.st_after), _xlpm.econ_neg), _xlpm.use_from_lt,MIN(MAX(0,_xlpm.lt_after), _xlpm.econ_neg-_xlpm.use_from_st), _xlpm.use_from_it,MIN(MAX(0,_xlpm.it_after), _xlpm.econ_neg-_xlpm.use_from_st-_xlpm.use_from_lt), MAX(0, _xlpm.it_after - _xlpm.use_from_it) ) -> 0 | G16: =_xlfn.LET( _xlpm.econ,E13, _xlpm.st,E14, _xlpm.lt,E15, _xlpm.it,E16, _xlpm.forest,E17, _xlpm.forest_pos,MAX(0,_xlpm.forest), _xlpm.forest_neg,MAX(0,-_xlpm.forest), _xlpm.ltNeg,MAX(0,-_xlpm.lt), _xlpm.stNeg,MAX(0,-_xlpm.st), _xlpm.econNeg,MAX(0,-_xlpm.econ), _xlpm.ltPos,MAX(0,_xlpm.lt), _xlpm.stPos,MAX(0,_xlpm.st), _xlpm.econPos,MAX(0,_xlpm.econ), _xlpm.itPos,MAX(0,_xlpm.it), _xlpm.use_lt_pos, MIN(_xlpm.forest_pos, _xlpm.ltNeg), _xlpm.use_st_pos, MIN(_xlpm.forest_pos-_xlpm.use_lt_pos, _xlpm.stNeg), _xlpm.use_econ_pos,MIN(_xlpm.forest_pos-_xlpm.use_lt_pos-_xlpm.use_st_pos, _xlpm.econNeg), _xlpm.it_when_pos, _xlpm.it, _xlpm.use_from_econ, MIN(_xlpm.econPos, _xlpm.forest_neg), _xlpm.use_from_st, MIN(_xlpm.stPos, _xlpm.forest_neg - _xlpm.use_from_econ), _xlpm.use_from_lt, MIN(_xlpm.ltPos, _xlpm.forest_neg - _xlpm.use_from_econ - _xlpm.use_from_st), _xlpm.use_from_it, MIN(_xlpm.itPos, _xlpm.forest_neg - _xlpm.use_from_econ - _xlpm.use_from_st - _xlpm.use_from_lt), _xlpm.it_when_neg, MAX(0, _xlpm.it - _xlpm.use_from_it), IF(_xlpm.forest>=0, _xlpm.it_when_pos, _xlpm.it_when_neg) ) -> 0 | I16: =_xlfn.LET( _xlpm.it,G16, _xlpm.it ) -> 0 | J16: =I16/2 -> 0 | M16: 配偶者控除 | O16: {=_xlfn.IFS( インプット表!$J$12="",0, N(SUM(O6,O29:O39))>10000000, 0, LEFT(TRIM(インプット表!$J$12),1)="老", INDEX({480000,320000,160000}, MATCH(SUM(O6,O29:O39),{0,9000001,9500001},1)), LEFT(TRIM(インプット表!$J$12),1)="一", INDEX({380000,260000,130000}, MATCH(SUM(O6,O29:O39),{0,9000001,9500001},1)), LEFT(TRIM(インプット表!$J$12),1)="×", 0 )} -> 0 | P16: {=_xlfn.IFS( インプット表!$K$12="",0, N(SUM(P6,P29:P39))>10000000, 0, LEFT(TRIM(インプット表!$K$12),1)="老", INDEX({480000,320000,160000}, MATCH(SUM(P6,P29:P39),{0,9000001,9500001},1)), LEFT(TRIM(インプット表!$K$12),1)="一", INDEX({380000,260000,130000}, MATCH(SUM(P6,P29:P39),{0,9000001,9500001},1)), LEFT(TRIM(インプット表!$K$12),1)="×", 0 )} -> 0 | Q16: {=_xlfn.IFS( インプット表!$K$12="",0, N(SUM(Q6,Q29:Q39))>10000000, 0, LEFT(TRIM(インプット表!$K$12),1)="老", INDEX({480000,320000,160000}, MATCH(SUM(Q6,Q29:Q39),{0,9000001,9500001},1)), LEFT(TRIM(インプット表!$K$12),1)="一", INDEX({380000,260000,130000}, MATCH(SUM(Q6,Q29:Q39),{0,9000001,9500001},1)), LEFT(TRIM(インプット表!$K$12),1)="×", 0 )} -> 0 | T16: 調整控除後所得割額 | Z16: 配偶者控除 | AA16: {=_xlfn.IFS( N(SUM(O6,O29:O39))>10000000, 0, LEFT(TRIM(インプット表!$J$12),1)="老", INDEX({380000,260000,130000}, MATCH(SUM(O6,O29:O39),{0,9000001,9500001},1)), LEFT(TRIM(インプット表!$J$12),1)="一", INDEX({330000,220000,110000}, MATCH(SUM(O6,O29:O39),{0,9000001,9500001},1)), LEFT(TRIM(インプット表!$J$12),1)="×", 0 )} -> 0 | AB16: {=_xlfn.IFS( N(SUM(P6,P29:P39))>10000000, 0, LEFT(TRIM(インプット表!$K$12),1)="老", INDEX({380000,260000,130000}, MATCH(SUM(P6,P29:P39),{0,9000001,9500001},1)), LEFT(TRIM(インプット表!$K$12),1)="一", INDEX({330000,220000,110000}, MATCH(SUM(P6,P29:P39),{0,9000001,9500001},1)), LEFT(TRIM(インプット表!$K$12),1)="×", 0 )} -> 0
A17: 山林所得金額 | C17: =インプット表!C22 -> 0 | E17: =C17 -> 0 | G17: =_xlfn.LET( _xlpm.econ,E13, _xlpm.st,E14, _xlpm.lt,E15, _xlpm.it,E16, _xlpm.forest,E17, _xlpm.forest_pos,MAX(0,_xlpm.forest), _xlpm.forest_neg,MAX(0,-_xlpm.forest), _xlpm.ltNeg,MAX(0,-_xlpm.lt), _xlpm.stNeg,MAX(0,-_xlpm.st), _xlpm.econNeg,MAX(0,-_xlpm.econ), _xlpm.ltPos,MAX(0,_xlpm.lt), _xlpm.stPos,MAX(0,_xlpm.st), _xlpm.econPos,MAX(0,_xlpm.econ), _xlpm.itPos,MAX(0,_xlpm.it), _xlpm.use_lt_pos, MIN(_xlpm.forest_pos, _xlpm.ltNeg), _xlpm.use_st_pos, MIN(_xlpm.forest_pos-_xlpm.use_lt_pos, _xlpm.stNeg), _xlpm.use_econ_pos,MIN(_xlpm.forest_pos-_xlpm.use_lt_pos-_xlpm.use_st_pos, _xlpm.econNeg), _xlpm.forest_after_pos, _xlpm.forest - (_xlpm.use_lt_pos + _xlpm.use_st_pos + _xlpm.use_econ_pos), _xlpm.use_from_econ, MIN(_xlpm.econPos, _xlpm.forest_neg), _xlpm.use_from_st, MIN(_xlpm.stPos, _xlpm.forest_neg - _xlpm.use_from_econ), _xlpm.use_from_lt, MIN(_xlpm.ltPos, _xlpm.forest_neg - _xlpm.use_from_econ - _xlpm.use_from_st), _xlpm.use_from_it, MIN(_xlpm.itPos, _xlpm.forest_neg - _xlpm.use_from_econ - _xlpm.use_from_st - _xlpm.use_from_lt), _xlpm.forest_after_neg, _xlpm.forest + (_xlpm.use_from_econ + _xlpm.use_from_st + _xlpm.use_from_lt + _xlpm.use_from_it), IF(_xlpm.forest>=0, _xlpm.forest_after_pos, _xlpm.forest_after_neg) ) -> 0 | I17: =_xlfn.LET( _xlpm.econ,G13, _xlpm.st,G14, _xlpm.lt,G15, _xlpm.it,G16, _xlpm.forest,G17, _xlpm.retire,G18, _xlpm.ret_pos,MAX(0,_xlpm.retire), _xlpm.neg_lt,MAX(0,-_xlpm.lt), _xlpm.neg_st,MAX(0,-_xlpm.st), _xlpm.neg_econ,MAX(0,-_xlpm.econ), _xlpm.neg_for,MAX(0,-_xlpm.forest), _xlpm.use_lt,MIN(_xlpm.ret_pos,_xlpm.neg_lt), _xlpm.use_st,MIN(_xlpm.ret_pos-_xlpm.use_lt,_xlpm.neg_st), _xlpm.use_econ,MIN(_xlpm.ret_pos-_xlpm.use_lt-_xlpm.use_st,_xlpm.neg_econ), _xlpm.use_for,MIN(_xlpm.ret_pos-_xlpm.use_lt-_xlpm.use_st-_xlpm.use_econ,_xlpm.neg_for), _xlpm.forest + _xlpm.use_for ) -> 0 | J17: =I17 -> 0 | M17: 配偶者特別控除 | O17: {=IF( OR(_xlfn.NUMBERVALUE(SUM(O6,O29:O39))>10000000, _xlfn.NUMBERVALUE(インプット表!$J$13)<=480000, _xlfn.NUMBERVALUE(インプット表!$J$13)>1330000 ), 0, INDEX( CHOOSE( LOOKUP(_xlfn.NUMBERVALUE(SUM(O6,O29:O39)),{0,9000001,9500001},{1,2,3}), {380000;360000;310000;260000;210000;160000;110000;60000;30000}, {260000;240000;210000;180000;140000;110000;80000;40000;20000}, {130000;120000;110000;90000;70000;60000;40000;20000;10000} ), LOOKUP(_xlfn.NUMBERVALUE(SUM(O6,O29:O39)), {480001;950001;1000001;1050001;1100001;1150001;1200001;1250001;1300001}, {1;2;3;4;5;6;7;8;9} ) ) )} -> 0 | P17: {=IF( OR(_xlfn.NUMBERVALUE(SUM(P6,P29:P39))>10000000, _xlfn.NUMBERVALUE(インプット表!$K$13)<=480000, _xlfn.NUMBERVALUE(インプット表!$K$13)>1330000 ), 0, INDEX( CHOOSE( LOOKUP(_xlfn.NUMBERVALUE(SUM(P6,P29:P39)),{0,9000001,9500001},{1,2,3}), {380000;360000;310000;260000;210000;160000;110000;60000;30000}, {260000;240000;210000;180000;140000;110000;80000;40000;20000}, {130000;120000;110000;90000;70000;60000;40000;20000;10000} ), LOOKUP(_xlfn.NUMBERVALUE(SUM(P6,P29:P39)), {480001;950001;1000001;1050001;1100001;1150001;1200001;1250001;1300001}, {1;2;3;4;5;6;7;8;9} ) ) )} -> 0 | Q17: {=IF( OR(_xlfn.NUMBERVALUE(SUM(Q6,Q29:Q39))>10000000, _xlfn.NUMBERVALUE(インプット表!$K$13)<=480000, _xlfn.NUMBERVALUE(インプット表!$K$13)>1330000 ), 0, INDEX( CHOOSE( LOOKUP(_xlfn.NUMBERVALUE(SUM(Q6,Q29:Q39)),{0,9000001,9500001},{1,2,3}), {380000;360000;310000;260000;210000;160000;110000;60000;30000}, {260000;240000;210000;180000;140000;110000;80000;40000;20000}, {130000;120000;110000;90000;70000;60000;40000;20000;10000} ), LOOKUP(_xlfn.NUMBERVALUE(SUM(Q6,Q29:Q39)), {480001;950001;1000001;1050001;1100001;1150001;1200001;1250001;1300001}, {1;2;3;4;5;6;7;8;9} ) ) )} -> 0 | U17: 市 | V17: =V11-V14 -> 752280 | W17: =W11-W14 -> 210300 | X17: =X11-X14 -> 210300 | Z17: 配偶者特別控除 | AA17: {=IF( OR(_xlfn.NUMBERVALUE(インプット表!$C$25)>10000000, _xlfn.NUMBERVALUE(インプット表!$J$13)<=480000, _xlfn.NUMBERVALUE(インプット表!$J$13)>1330000 ), 0, INDEX( CHOOSE( LOOKUP(_xlfn.NUMBERVALUE(インプット表!$C$25),{0,9000001,9500001},{1,2,3}), {330000;330000;310000;260000;210000;160000;110000;60000;30000}, {220000;220000;210000;180000;140000;110000;80000;40000;20000}, {110000;110000;110000;90000;70000;60000;40000;20000;10000} ), LOOKUP(_xlfn.NUMBERVALUE(インプット表!$J$13), {480001;950001;1000001;1050001;1100001;1150001;1200001;1250001;1300001}, {1;2;3;4;5;6;7;8;9} ) ) )} -> 0 | AB17: {=IF( OR(_xlfn.NUMBERVALUE(インプット表!$D$25)>10000000, _xlfn.NUMBERVALUE(インプット表!$K$13)<=480000, _xlfn.NUMBERVALUE(インプット表!$K$13)>1330000 ), 0, INDEX( CHOOSE( LOOKUP(_xlfn.NUMBERVALUE(インプット表!$D$25),{0,9000001,9500001},{1,2,3}), {330000;330000;310000;260000;210000;160000;110000;60000;30000}, {220000;220000;210000;180000;140000;110000;80000;40000;20000}, {110000;110000;110000;90000;70000;60000;40000;20000;10000} ), LOOKUP(_xlfn.NUMBERVALUE(インプット表!$K$13), {480001;950001;1000001;1050001;1100001;1150001;1200001;1250001;1300001}, {1;2;3;4;5;6;7;8;9} ) ) )} -> 0
A18: 退職所得金額 | C18: =IF(インプット表!C23<0,0,インプット表!C23) -> 0 | E18: =C18 -> 0 | G18: =E18 -> 0 | I18: =_xlfn.LET( _xlpm.econ,G13, _xlpm.st,G14, _xlpm.lt,G15, _xlpm.it,G16, _xlpm.forest,G17, _xlpm.retire,G18, _xlpm.ret_pos,MAX(0,_xlpm.retire), _xlpm.neg_lt,MAX(0,-_xlpm.lt), _xlpm.neg_st,MAX(0,-_xlpm.st), _xlpm.neg_econ,MAX(0,-_xlpm.econ), _xlpm.neg_for,MAX(0,-_xlpm.forest), _xlpm.use_lt,MIN(_xlpm.ret_pos,_xlpm.neg_lt), _xlpm.use_st,MIN(_xlpm.ret_pos-_xlpm.use_lt,_xlpm.neg_st), _xlpm.use_econ,MIN(_xlpm.ret_pos-_xlpm.use_lt-_xlpm.use_st,_xlpm.neg_econ), _xlpm.use_for,MIN(_xlpm.ret_pos-_xlpm.use_lt-_xlpm.use_st-_xlpm.use_econ,_xlpm.neg_for), _xlpm.retire - (_xlpm.use_lt + _xlpm.use_st + _xlpm.use_econ + _xlpm.use_for) ) -> 0 | J18: =I18 -> 0 | M18: 扶養控除 | O18: =SUM(インプット表!$J$14*380000,インプット表!$J$15*630000,インプット表!$J$16*480000,インプット表!$J$17*580000) -> 0 | P18: =SUM(インプット表!K14*380000,インプット表!K15*630000,インプット表!K16*480000,インプット表!K17*580000) -> 0 | Q18: =SUM(インプット表!K14*380000,インプット表!K15*630000,インプット表!K16*480000,インプット表!K17*580000) -> 0 | U18: 県 | V18: =V12-V15 -> 501520 | W18: =W12-W15 -> 140200 | X18: =X12-X15 -> 140200 | Z18: 扶養控除 | AA18: =SUM(インプット表!$J$14*330000,インプット表!$J$15*450000,インプット表!$J$16*380000,インプット表!$J$17*450000) -> 0 | AB18: =SUM(インプット表!$K$14*330000,インプット表!$K$15*450000,インプット表!$K$16*380000,インプット表!$K$17*450000) -> 0
I19: 所得金額の合計額 | J19: =SUM(J13:J18) -> 13831070 | M19: 特定親族特別控除 | O19: {=IF(O6=0,0,INDEX({0,630000,610000,510000,410000,310000,210000,110000,60000,30000,0}, MATCH(_xlfn.NUMBERVALUE(インプット表!J18),{0,580001,850001,900001,950001,100000,1050001,1100001,1150001,1200001,1230001},1)))} -> 0 | P19: {=IF(P6=0,0,INDEX({0,630000,610000,510000,410000,310000,210000,110000,60000,30000,0}, MATCH(_xlfn.NUMBERVALUE(インプット表!K18),{0,580001,850001,900001,950001,1000001,1050001,1100001,1150001,1200001,1230001},1)))} -> 410000 | Q19: {=IF(Q6=0,0,INDEX({0,630000,610000,510000,410000,310000,210000,110000,60000,30000,0}, MATCH(_xlfn.NUMBERVALUE(インプット表!K18),{0,580001,850001,900001,950001,1000001,1050001,1100001,1150001,1200001,1230001},1)))} -> 410000 | U19: 合計 | V19: =SUM(V17:V18) -> 1253800 | W19: =SUM(W17:W18) -> 350500 | X19: =SUM(X17:X18) -> 350500 | Z19: 特定親族特別控除 | AA19: {=IF(AA6=0,0,INDEX({0,630000,610000,510000,410000,310000,210000,110000,60000,30000,0}, MATCH(_xlfn.NUMBERVALUE(インプット表!J18),{0,580001,850001,900001,950001,1000001,1050001,1100001,1150001,1200001,1230001},1)))} -> 0 | AB19: {=IF(AB6=0,0,INDEX({0,450000,450000,450000,410000,310000,210000,110000,60000,30000,0}, MATCH(_xlfn.NUMBERVALUE(インプット表!K18),{0,580001,850001,900001,950001,1000001,1050001,1100001,1150001,1200001,1230001},1)))} -> 410000
M20: 基礎控除 | O20: {=IF(O6=0,0,INDEX({950000,880000,680000,630000,580000,480000,320000,160000,0}, MATCH(_xlfn.NUMBERVALUE(SUM(O6,O29:O39)),{0,1320001,3360001,4890001,6550001,23500001,24000001,24500001,25000001},1)))} -> 580000 | P20: {=IF(P6=0,0,INDEX({950000,880000,680000,630000,580000,480000,320000,160000,0}, MATCH(_xlfn.NUMBERVALUE(SUM(P6,P29:P39)),{0,1320001,3360001,4890001,6550001,23500001,24000001,24500001,25000001},1)))} -> 630000 | Q20: {=IF(Q6=0,0,INDEX({950000,880000,680000,630000,580000,480000,320000,160000,0}, MATCH(_xlfn.NUMBERVALUE(SUM(Q6,Q29:Q39)),{0,1320001,3360001,4890001,6550001,23500001,24000001,24500001,25000001},1)))} -> 630000 | T20: 基本控除額 | Z20: 基礎控除 | AA20: {=INDEX({430000,290000,150000,0}, MATCH(_xlfn.NUMBERVALUE(SUM(AA6,O29:O39)), {0,24000001,24500001,25000001}, 1))} -> 430000 | AB20: {=INDEX({430000,290000,150000,0}, MATCH(_xlfn.NUMBERVALUE(SUM(AB6,P29:P39)), {0,24000001,24500001,25000001}, 1))} -> 430000
A21: 分離課税短期譲渡所得金額 | B21: 一般 | C21: =インプット表!C13 -> 0 | E21: =_xlfn.LET( _xlpm.short_general, C21, _xlpm.short_reduced, C22, _xlpm.short_general_after, IF(AND(_xlpm.short_general>=0, _xlpm.short_reduced<0), _xlpm.short_general - MIN(_xlpm.short_general, -_xlpm.short_reduced), IF(AND(_xlpm.short_general<0, _xlpm.short_reduced>=0), _xlpm.short_general + MIN(_xlpm.short_reduced, -_xlpm.short_general), _xlpm.short_general ) ), _xlpm.short_general_after ) -> 0 | G21: =_xlfn.LET( _xlpm.s_general, E21, _xlpm.s_reduced, E22, _xlpm.l_general, E23, _xlpm.l_reduced, E24, _xlpm.l_light, E25, _xlpm.short_need, MAX(0, -(MIN(0, _xlpm.s_general) + MIN(0, _xlpm.s_reduced))), _xlpm.long_need, MAX(0, -(MIN(0, _xlpm.l_general) + MIN(0, _xlpm.l_reduced) + MIN(0, _xlpm.l_light))), _xlpm.give_lg, IF(AND(_xlpm.short_need>0, _xlpm.long_need=0), MIN(MAX(0, _xlpm.l_general), _xlpm.short_need), 0), _xlpm.rem_s1, IF(AND(_xlpm.short_need>0, _xlpm.long_need=0), _xlpm.short_need - _xlpm.give_lg, 0), _xlpm.give_lr, IF(AND(_xlpm.short_need>0, _xlpm.long_need=0), MIN(MAX(0, _xlpm.l_reduced), _xlpm.rem_s1), 0), _xlpm.rem_s2, IF(AND(_xlpm.short_need>0, _xlpm.long_need=0), _xlpm.rem_s1 - _xlpm.give_lr, 0), _xlpm.give_ll, IF(AND(_xlpm.short_need>0, _xlpm.long_need=0), MIN(MAX(0, _xlpm.l_light), _xlpm.rem_s2), 0), _xlpm.total_to_short, _xlpm.give_lg + _xlpm.give_lr + _xlpm.give_ll, _xlpm.inc_s_general, MIN(MAX(0, -_xlpm.s_general), _xlpm.total_to_short), _xlpm.take_sg, IF(AND(_xlpm.long_need>0, _xlpm.short_need=0), MIN(MAX(0, _xlpm.s_general), _xlpm.long_need), 0), _xlpm.rem_l1, IF(AND(_xlpm.long_need>0, _xlpm.short_need=0), _xlpm.long_need - _xlpm.take_sg, 0), _xlpm.take_sr, IF(AND(_xlpm.long_need>0, _xlpm.short_need=0), MIN(MAX(0, _xlpm.s_reduced), _xlpm.rem_l1), 0), _xlpm.s_general + _xlpm.inc_s_general - _xlpm.take_sg ) -> 0 | M21: 控除小計 | O21: =SUM(O8:O20) -> 1283890 | P21: =SUM(P8:P20) -> 1670000 | Q21: =SUM(Q8:Q20) -> 1670000 | U21: 市 | V21: =IF(N(インプット表!$J$30)<=2000,0, (MIN(N(インプット表!$J$30), N(AA6)*0.3)-2000) *IF($V$6=TRUE, マスター!$L$19, マスター!$N$19)) -> 26760 | W21: =IF(N(インプット表!$K$30)<=2000,0, (MIN(N(インプット表!$K$30), SUM(Q42:Q48)*0.3)-2000) *IF($W$6=TRUE, マスター!$L$19, マスター!$N$19)) -> 2760 | X21: =IF( N(インプット表!$K$30 - インプット表!$K$22) <= 2000, 0, ( MIN( N(インプット表!$K$30 - インプット表!$K$22), N(AB6)*0.3 ) - 2000 ) * IF($W$6, マスター!$L$19, マスター!$N$19) ) -> 0 | Z21: 雑損控除 | AA21: =O22 -> 0 | AB21: =P22 -> 0
B22: 軽減 | C22: =インプット表!C14 -> 0 | E22: =_xlfn.LET( _xlpm.short_general, C21, _xlpm.short_reduced, C22, _xlpm.short_reduced_after, IF(AND(_xlpm.short_general>=0, _xlpm.short_reduced<0), _xlpm.short_reduced + MIN(_xlpm.short_general, -_xlpm.short_reduced), IF(AND(_xlpm.short_general<0, _xlpm.short_reduced>=0), _xlpm.short_reduced - MIN(_xlpm.short_reduced, -_xlpm.short_general), _xlpm.short_reduced ) ), _xlpm.short_reduced_after ) -> 0 | G22: =_xlfn.LET( _xlpm.s_general, E21, _xlpm.s_reduced, E22, _xlpm.l_general, E23, _xlpm.l_reduced, E24, _xlpm.l_light, E25, _xlpm.short_need, MAX(0, -(MIN(0, _xlpm.s_general) + MIN(0, _xlpm.s_reduced))), _xlpm.long_need, MAX(0, -(MIN(0, _xlpm.l_general) + MIN(0, _xlpm.l_reduced) + MIN(0, _xlpm.l_light))), _xlpm.give_lg, IF(AND(_xlpm.short_need>0, _xlpm.long_need=0), MIN(MAX(0, _xlpm.l_general), _xlpm.short_need), 0), _xlpm.rem_s1, IF(AND(_xlpm.short_need>0, _xlpm.long_need=0), _xlpm.short_need - _xlpm.give_lg, 0), _xlpm.give_lr, IF(AND(_xlpm.short_need>0, _xlpm.long_need=0), MIN(MAX(0, _xlpm.l_reduced), _xlpm.rem_s1), 0), _xlpm.rem_s2, IF(AND(_xlpm.short_need>0, _xlpm.long_need=0), _xlpm.rem_s1 - _xlpm.give_lr, 0), _xlpm.give_ll, IF(AND(_xlpm.short_need>0, _xlpm.long_need=0), MIN(MAX(0, _xlpm.l_light), _xlpm.rem_s2), 0), _xlpm.total_to_short, _xlpm.give_lg + _xlpm.give_lr + _xlpm.give_ll, _xlpm.inc_s_general, MIN(MAX(0, -_xlpm.s_general), _xlpm.total_to_short), _xlpm.inc_s_reduced, MIN(MAX(0, -_xlpm.s_reduced), _xlpm.total_to_short - _xlpm.inc_s_general), _xlpm.take_sg, IF(AND(_xlpm.long_need>0, _xlpm.short_need=0), MIN(MAX(0, _xlpm.s_general), _xlpm.long_need), 0), _xlpm.rem_l1, IF(AND(_xlpm.long_need>0, _xlpm.short_need=0), _xlpm.long_need - _xlpm.take_sg, 0), _xlpm.take_sr, IF(AND(_xlpm.long_need>0, _xlpm.short_need=0), MIN(MAX(0, _xlpm.s_reduced), _xlpm.rem_l1), 0), _xlpm.s_reduced + _xlpm.inc_s_reduced - _xlpm.take_sr ) -> 0 | M22: 雑損控除 | O22: =インプット表!J19 -> 0 | P22: =インプット表!K19 -> 0 | Q22: =インプット表!K19 -> 0 | U22: 県 | V22: =IF(N(インプット表!$J$30)<=2000,0, (MIN(N(インプット表!$J$30), N(AA6)*0.3)-2000) *IF($V$6=TRUE, マスター!$M$19, マスター!$O$19)) -> 17840 | W22: =IF(N(インプット表!$K$30)<=2000,0, (MIN(N(インプット表!$K$30), SUM(Q42:Q48)*0.3)-2000) *IF($W$6=TRUE, マスター!$M$19, マスター!$O$19)) -> 1840 | X22: =IF( N(インプット表!$K$30 - インプット表!$K$22) <= 2000, 0, ( MIN( N(インプット表!$K$30 - インプット表!$K$22), N(AB6)*0.3 ) - 2000 ) * IF($W$6, マスター!$M$19, マスター!$O$19) ) -> 0 | Z22: 医療費控除 | AA22: =O23 -> 134037 | AB22: =P23 -> 0
A23: 分離課税長期譲渡所得金額 | B23: 一般 | C23: =インプット表!C15 -> 0 | E23: =_xlfn.LET( _xlpm.long_general, C23, _xlpm.long_reduced, C24, _xlpm.long_light, C25, _xlpm.need_general, MAX(0, -_xlpm.long_general), _xlpm.move_reduced_to_general, MIN(MAX(0, _xlpm.long_reduced), _xlpm.need_general), _xlpm.lg_a, _xlpm.long_general + _xlpm.move_reduced_to_general, _xlpm.lr_a, _xlpm.long_reduced - _xlpm.move_reduced_to_general, _xlpm.ll_a, _xlpm.long_light, _xlpm.need_general_2, MAX(0, -_xlpm.lg_a), _xlpm.move_light_to_general, MIN(MAX(0, _xlpm.ll_a), _xlpm.need_general_2), _xlpm.lg_b, _xlpm.lg_a + _xlpm.move_light_to_general, _xlpm.lr_b, _xlpm.lr_a, _xlpm.ll_b, _xlpm.ll_a - _xlpm.move_light_to_general, _xlpm.need_reduced, MAX(0, -_xlpm.lr_b), _xlpm.move_general_to_reduced, MIN(MAX(0, _xlpm.lg_b), _xlpm.need_reduced), _xlpm.lg_c, _xlpm.lg_b - _xlpm.move_general_to_reduced, _xlpm.lr_c, _xlpm.lr_b + _xlpm.move_general_to_reduced, _xlpm.need_reduced_2, MAX(0, -_xlpm.lr_c), _xlpm.move_light_to_reduced, MIN(MAX(0, _xlpm.ll_b), _xlpm.need_reduced_2), _xlpm.lg_d, _xlpm.lg_c, _xlpm.lr_d, _xlpm.lr_c + _xlpm.move_light_to_reduced, _xlpm.ll_c, _xlpm.ll_b - _xlpm.move_light_to_reduced, _xlpm.need_light, MAX(0, -_xlpm.ll_c), _xlpm.move_general_to_light, MIN(MAX(0, _xlpm.lg_d), _xlpm.need_light), _xlpm.lg_e, _xlpm.lg_d - _xlpm.move_general_to_light, _xlpm.ll_d, _xlpm.ll_c + _xlpm.move_general_to_light, _xlpm.need_light_2, MAX(0, -_xlpm.ll_d), _xlpm.move_reduced_to_light, MIN(MAX(0, _xlpm.lr_d), _xlpm.need_light_2), _xlpm.lg_e ) -> 0 | G23: =_xlfn.LET( _xlpm.s_general, E21, _xlpm.s_reduced, E22, _xlpm.l_general, E23, _xlpm.l_reduced, E24, _xlpm.l_light, E25, _xlpm.short_need, MAX(0, -(MIN(0, _xlpm.s_general) + MIN(0, _xlpm.s_reduced))), _xlpm.long_need, MAX(0, -(MIN(0, _xlpm.l_general) + MIN(0, _xlpm.l_reduced) + MIN(0, _xlpm.l_light))), _xlpm.give_lg, IF(AND(_xlpm.short_need>0, _xlpm.long_need=0), MIN(MAX(0, _xlpm.l_general), _xlpm.short_need), 0), _xlpm.take_sg, IF(AND(_xlpm.long_need>0, _xlpm.short_need=0), MIN(MAX(0, _xlpm.s_general), _xlpm.long_need), 0), _xlpm.rem_l1, IF(AND(_xlpm.long_need>0, _xlpm.short_need=0), _xlpm.long_need - _xlpm.take_sg, 0), _xlpm.take_sr, IF(AND(_xlpm.long_need>0, _xlpm.short_need=0), MIN(MAX(0, _xlpm.s_reduced), _xlpm.rem_l1), 0), _xlpm.inc_l_general, MIN(MAX(0, -_xlpm.l_general), _xlpm.take_sg + _xlpm.take_sr), _xlpm.l_general - _xlpm.give_lg + _xlpm.inc_l_general ) -> 0 | M23: 医療費控除 | O23: =インプット表!J20 -> 134037 | P23: =インプット表!K20 -> 0 | Q23: =インプット表!K20 -> 0 | T23: 特例控除額
B24: 特定 | C24: =インプット表!C16 -> 0 | E24: =_xlfn.LET( _xlpm.long_general, C23, _xlpm.long_reduced, C24, _xlpm.long_light, C25, _xlpm.need_general, MAX(0, -_xlpm.long_general), _xlpm.move_reduced_to_general, MIN(MAX(0, _xlpm.long_reduced), _xlpm.need_general), _xlpm.lg_a, _xlpm.long_general + _xlpm.move_reduced_to_general, _xlpm.lr_a, _xlpm.long_reduced - _xlpm.move_reduced_to_general, _xlpm.ll_a, _xlpm.long_light, _xlpm.need_general_2, MAX(0, -_xlpm.lg_a), _xlpm.move_light_to_general, MIN(MAX(0, _xlpm.ll_a), _xlpm.need_general_2), _xlpm.lg_b, _xlpm.lg_a + _xlpm.move_light_to_general, _xlpm.lr_b, _xlpm.lr_a, _xlpm.ll_b, _xlpm.ll_a - _xlpm.move_light_to_general, _xlpm.need_reduced, MAX(0, -_xlpm.lr_b), _xlpm.move_general_to_reduced, MIN(MAX(0, _xlpm.lg_b), _xlpm.need_reduced), _xlpm.lg_c, _xlpm.lg_b - _xlpm.move_general_to_reduced, _xlpm.lr_c, _xlpm.lr_b + _xlpm.move_general_to_reduced, _xlpm.need_reduced_2, MAX(0, -_xlpm.lr_c), _xlpm.move_light_to_reduced, MIN(MAX(0, _xlpm.ll_b), _xlpm.need_reduced_2), _xlpm.lr_d, _xlpm.lr_c + _xlpm.move_light_to_reduced, _xlpm.lr_d ) -> 0 | G24: =_xlfn.LET( _xlpm.s_general, E21, _xlpm.s_reduced, E22, _xlpm.l_general, E23, _xlpm.l_reduced, E24, _xlpm.l_light, E25, _xlpm.short_need, MAX(0, -(MIN(0, _xlpm.s_general) + MIN(0, _xlpm.s_reduced))), _xlpm.long_need, MAX(0, -(MIN(0, _xlpm.l_general) + MIN(0, _xlpm.l_reduced) + MIN(0, _xlpm.l_light))), _xlpm.give_lg, IF(AND(_xlpm.short_need>0, _xlpm.long_need=0), MIN(MAX(0, _xlpm.l_general), _xlpm.short_need), 0), _xlpm.rem_s1, IF(AND(_xlpm.short_need>0, _xlpm.long_need=0), _xlpm.short_need - _xlpm.give_lg, 0), _xlpm.give_lr, IF(AND(_xlpm.short_need>0, _xlpm.long_need=0), MIN(MAX(0, _xlpm.l_reduced), _xlpm.rem_s1), 0), _xlpm.take_sg, IF(AND(_xlpm.long_need>0, _xlpm.short_need=0), MIN(MAX(0, _xlpm.s_general), _xlpm.long_need), 0), _xlpm.rem_l1, IF(AND(_xlpm.long_need>0, _xlpm.short_need=0), _xlpm.long_need - _xlpm.take_sg, 0), _xlpm.take_sr, IF(AND(_xlpm.long_need>0, _xlpm.short_need=0), MIN(MAX(0, _xlpm.s_reduced), _xlpm.rem_l1), 0), _xlpm.inc_l_reduced, MIN(MAX(0, -_xlpm.l_reduced), _xlpm.take_sg + _xlpm.take_sr - MIN(MAX(0, -_xlpm.l_general), _xlpm.take_sg + _xlpm.take_sr)), _xlpm.l_reduced - _xlpm.give_lr + _xlpm.inc_l_reduced ) -> 0 | M24: 寄付金控除 | O24: =IF(インプット表!J21+インプット表!J22<2000,0,IF(インプット表!J21<=SUM(O6,O29:O39)*0.4,インプット表!J21,SUM(O6,O29:O39)*0.4)+インプット表!J22-2000) -> 459000 | P24: =IF(W32,0,IF(インプット表!K21+インプット表!K22<2000,0,IF(インプット表!K21<=SUM(P6,P29:P39)*0.4,インプット表!K21,SUM(P6,P29:P39)*0.4)+インプット表!K22-2000)) -> 46000 | Q24: 0 | U24: 市 | V24: =IF(N(インプット表!$J$31)<=2000, 0, (N(インプット表!$J$31)-2000) * $AA$56 * IF($V$6, マスター!$L$20, マスター!$N$20) ) -> 150677.53 | W24: =IF(N(インプット表!$K$31)<=2000, 0, (N(インプット表!$K$31)-2000) * $AB$56 * IF($W$6, マスター!$L$20, マスター!$N$20) ) -> 22022.04 | X24: 0 | Z24: 控除合計 | AA24: =SUM(AA8:AA23) -> 1267927 | AB24: =SUM(AB8:AB23) -> 1470000
B25: 軽課 | C25: =インプット表!C17 -> 0 | E25: =_xlfn.LET( _xlpm.long_general, C23, _xlpm.long_reduced, C24, _xlpm.long_light, C25, _xlpm.need_general, MAX(0, -_xlpm.long_general), _xlpm.move_reduced_to_general, MIN(MAX(0, _xlpm.long_reduced), _xlpm.need_general), _xlpm.lg_a, _xlpm.long_general + _xlpm.move_reduced_to_general, _xlpm.lr_a, _xlpm.long_reduced - _xlpm.move_reduced_to_general, _xlpm.ll_a, _xlpm.long_light, _xlpm.need_general_2, MAX(0, -_xlpm.lg_a), _xlpm.move_light_to_general, MIN(MAX(0, _xlpm.ll_a), _xlpm.need_general_2), _xlpm.lg_b, _xlpm.lg_a + _xlpm.move_light_to_general, _xlpm.lr_b, _xlpm.lr_a, _xlpm.ll_b, _xlpm.ll_a - _xlpm.move_light_to_general, _xlpm.need_reduced, MAX(0, -_xlpm.lr_b), _xlpm.move_general_to_reduced, MIN(MAX(0, _xlpm.lg_b), _xlpm.need_reduced), _xlpm.lg_c, _xlpm.lg_b - _xlpm.move_general_to_reduced, _xlpm.lr_c, _xlpm.lr_b + _xlpm.move_general_to_reduced, _xlpm.need_reduced_2, MAX(0, -_xlpm.lr_c), _xlpm.move_light_to_reduced, MIN(MAX(0, _xlpm.ll_b), _xlpm.need_reduced_2), _xlpm.ll_c, _xlpm.ll_b - _xlpm.move_light_to_reduced, _xlpm.ll_c ) -> 0 | G25: =_xlfn.LET( _xlpm.s_general, E21, _xlpm.s_reduced, E22, _xlpm.l_general, E23, _xlpm.l_reduced, E24, _xlpm.l_light, E25, _xlpm.short_need, MAX(0, -(MIN(0, _xlpm.s_general) + MIN(0, _xlpm.s_reduced))), _xlpm.long_need, MAX(0, -(MIN(0, _xlpm.l_general) + MIN(0, _xlpm.l_reduced) + MIN(0, _xlpm.l_light))), _xlpm.give_lg, IF(AND(_xlpm.short_need>0, _xlpm.long_need=0), MIN(MAX(0, _xlpm.l_general), _xlpm.short_need), 0), _xlpm.rem_s1, IF(AND(_xlpm.short_need>0, _xlpm.long_need=0), _xlpm.short_need - _xlpm.give_lg, 0), _xlpm.give_lr, IF(AND(_xlpm.short_need>0, _xlpm.long_need=0), MIN(MAX(0, _xlpm.l_reduced), _xlpm.rem_s1), 0), _xlpm.rem_s2, IF(AND(_xlpm.short_need>0, _xlpm.long_need=0), _xlpm.rem_s1 - _xlpm.give_lr, 0), _xlpm.give_ll, IF(AND(_xlpm.short_need>0, _xlpm.long_need=0), MIN(MAX(0, _xlpm.l_light), _xlpm.rem_s2), 0), _xlpm.take_sg, IF(AND(_xlpm.long_need>0, _xlpm.short_need=0), MIN(MAX(0, _xlpm.s_general), _xlpm.long_need), 0), _xlpm.rem_l1, IF(AND(_xlpm.long_need>0, _xlpm.short_need=0), _xlpm.long_need - _xlpm.take_sg, 0), _xlpm.take_sr, IF(AND(_xlpm.long_need>0, _xlpm.short_need=0), MIN(MAX(0, _xlpm.s_reduced), _xlpm.rem_l1), 0), _xlpm.inc_l_general, MIN(MAX(0, -_xlpm.l_general), _xlpm.take_sg + _xlpm.take_sr), _xlpm.inc_l_reduced, MIN(MAX(0, -_xlpm.l_reduced), _xlpm.take_sg + _xlpm.take_sr - _xlpm.inc_l_general), _xlpm.inc_l_light, MIN(MAX(0, -_xlpm.l_light), _xlpm.take_sg + _xlpm.take_sr - _xlpm.inc_l_general - _xlpm.inc_l_reduced), _xlpm.l_light - _xlpm.give_ll + _xlpm.inc_l_light ) -> 0 | M25: 控除合計 | O25: =SUM(O21:O24) -> 1876927 | P25: =SUM(P21:P24) -> 1716000 | Q25: =SUM(Q21:Q24) -> 1670000 | U25: 県 | V25: =IF(N(インプット表!$J$31)<=2000, 0, (N(インプット表!$J$31)-2000) * $AA$56 * IF($V$6, マスター!$M$20, マスター!$O$20) ) -> 100451.69 | W25: =IF(N(インプット表!$K$31)<=2000, 0, (N(インプット表!$K$31)-2000) * $AB$56 * IF($W$6, マスター!$M$20, マスター!$O$20) ) -> 14681.36 | X25: 0
U26: 所得割額の20% | V26: 市の20%上限 | Z26: 調整控除
A27: 上場株式等に係る譲渡所得の金額 | C27: =インプット表!C19 -> 0 | E27: =_xlfn.LET( _xlpm.listed_transfer, C27, _xlpm.listed_dividend_pos, MAX(0, C28), _xlpm.use_dividend, MIN(_xlpm.listed_dividend_pos, MAX(0, -_xlpm.listed_transfer)), _xlpm.listed_transfer + _xlpm.use_dividend ) -> 0 | L27: 第三表 | U27: 市 | V27: =N($V$17)*0.2 -> 150456 | W27: =N($W$17)*0.2 -> 42060 | X27: 0 | Z27: ①控除額の計算 | AA27: 前期 | AB27: 当期
A28: 上場株式等に係る配当所得等の金額 | C28: =インプット表!C20 -> 0 | E28: =_xlfn.LET( _xlpm.listed_transfer, C27, _xlpm.listed_dividend_pos, MAX(0, C28), _xlpm.use_dividend, MIN(_xlpm.listed_dividend_pos, MAX(0, -_xlpm.listed_transfer)), MAX(0, C28 - _xlpm.use_dividend) ) -> 0 | U28: 県 | V28: =N($V$18)*0.2 -> 100304 | W28: =N($W$18)*0.2 -> 28040 | X28: 0
L29: 所得金額 | M29: 短期譲渡所得金額 | N29: 一般 | O29: =G21 -> 0 | P29: =G48 -> 0 | Q29: =G48 -> 0 | U29: ↓ | V29: 市の特例(上限適用後)
N30: 軽減 | O30: =G22 -> 0 | P30: =G49 -> 0 | Q30: =G49 -> 0 | U30: 市 | V30: =MIN(N($V$24), N($V$27)) -> 150456 | W30: =ROUNDUP(MIN(N($W$24), N($W$27)),0) -> 22023 | X30: 0 | Z30: ②人的控除額の差 | AA30: 前期 | AB30: 当期
A31: 損益通算（当期） | M31: 長期譲渡所得金額 | N31: 一般 | O31: =G23 -> 0 | P31: =G50 -> 0 | Q31: =G50 -> 0 | U31: 県 | V31: =MIN(N($V$25), N($V$28)) -> 100304 | W31: =ROUNDUP(MIN(N($W$25),N($W$28)),0) -> 14682 | X31: 0 | Z31: 寡婦控除 | AA31: =O12-AA12 -> 0 | AB31: =P12-AB12 -> 0
N32: 特定 | O32: =G24 -> 0 | P32: =G51 -> 0 | Q32: =G51 -> 0 | T32: 申告特例控除 | V32: =AND( インプット表!$J$33, インプット表!$J$34<=5, NOT(インプット表!$J$35) ) -> FALSE | W32: =AND( インプット表!$K$33, インプット表!$K$34<=5, NOT(インプット表!$K$35) ) -> FALSE | X32: =AND( インプット表!$K$33, インプット表!$K$34<=5, NOT(インプット表!$K$35) ) -> FALSE | Z32: ひとり親控除 | AA32: =O13-AA13 -> 0 | AB32: =P13-AB13 -> 0
A33: 譲渡・一時所得の損益の通算 | N33: 軽課 | O33: =G25 -> 0 | P33: =G52 -> 0 | Q33: =G52 -> 0 | U33: 市 | V33: {=ROUNDUP( IF($V$32, MIN(MAX(0,N(インプット表!$J$31)-2000)*$AA$56*INDEX(マスター!$AA$4:$AA$8,MATCH(1,(計算結果!$AA$49>=マスター!$X$4:$X$8)*(計算結果!$AA$49<=IF(マスター!$Z$4:$Z$8="",1E+99,マスター!$Z$4:$Z$8)),0))*IF($V$6,4/5,3/5), N($V$17)*0.2), 0 ),0)} -> 0 | W33: {=ROUNDUP( IF($W$32, MAX(0,N(インプット表!$K$31)-2000)*AB56*INDEX(マスター!$AA$4:$AA$8,MATCH(1,(計算結果!$AB$49>=マスター!$X$4:$X$8)*(計算結果!$AB$49<=IF(マスター!$Z$4:$Z$8="",1E+99,マスター!$Z$4:$Z$8)),0))*IF($W$6,4/5,3/5), 0 ),0)} -> 0 | X33: 0 | Z33: 勤労学生控除 | AA33: =O14-AA14 -> 0 | AB33: =P14-AB14 -> 0
A34: 所得の種類 | C34: 差引金額 | E34: 通算後 | G34: 特別控除 | I34: 譲渡・一時の通算後 | M34: 一般株式等に係る譲渡所得等の金額 | O34: =インプット表!C18 -> 0 | P34: =インプット表!D18 -> 0 | Q34: =インプット表!D18 -> 0 | U34: 県 | V34: {=ROUNDUP( IF($V$32, MIN(MAX(0,N(インプット表!$J$31)-2000)*$AA$56*INDEX(マスター!$AA$4:$AA$8,MATCH(1,(計算結果!$AA$49>=マスター!$X$4:$X$8)*(計算結果!$AA$49<=IF(マスター!$Z$4:$Z$8="",1E+99,マスター!$Z$4:$Z$8)),0))*IF($V$6,1/5,2/5), N($V$18)*0.2), 0 ),0)} -> 0 | W34: {=ROUNDUP( IF($W$32, MIN(MAX(0,N(インプット表!$K$31)-2000)*AB56*INDEX(マスター!$AA$4:$AA$8,MATCH(1,(計算結果!$AB$49>=マスター!$X$4:$X$8)*(計算結果!$AB$49<=IF(マスター!$Z$4:$Z$8="",1E+99,マスター!$Z$4:$Z$8)),0))*IF($W$6,1/5,2/5), N($W$18)*0.2), 0 ),0)} -> 0 | X34: 0 | Z34: 障害者控除 | AA34: =O15-AA15 -> 0 | AB34: =P15-AB15 -> 0
A35: 総合譲渡所得（短期） | C35: =インプット表!D10 -> 0 | E35: =_xlfn.LET( _xlpm.st,C35, _xlpm.lt,C36, _xlpm.pre_st, IF(_xlpm.st*_xlpm.lt<0, IF(ABS(_xlpm.st)>=ABS(_xlpm.lt), _xlpm.st+_xlpm.lt, 0), _xlpm.st), _xlpm.pre_st ) -> 0 | G35: =_xlfn.LET( _xlpm.ps, MAX(0,E35), MIN(500000, _xlpm.ps) ) -> 0 | I35: =_xlfn.LET( _xlpm.short_init, E35 - G35, _xlpm.long_init, E36 - G36, _xlpm.one_init, MAX(0, E37 - G37), _xlpm.need_short, MAX(0, -_xlpm.short_init), _xlpm.use_long_for_short, MIN(MAX(0, _xlpm.long_init), _xlpm.need_short), _xlpm.rem_need_short, _xlpm.need_short - _xlpm.use_long_for_short, _xlpm.use_one_for_short, MIN(_xlpm.one_init, _xlpm.rem_need_short), _xlpm.need_long, MAX(0, -_xlpm.long_init), _xlpm.use_short_for_long, MIN(MAX(0, _xlpm.short_init), _xlpm.need_long), _xlpm.rem_need_long, _xlpm.need_long - _xlpm.use_short_for_long, _xlpm.use_one_for_long, MIN(_xlpm.one_init, _xlpm.rem_need_long), _xlpm.short_after, IF(_xlpm.short_init<0, _xlpm.short_init + _xlpm.use_long_for_short + _xlpm.use_one_for_short, IF(_xlpm.long_init<0, _xlpm.short_init - _xlpm.use_short_for_long, _xlpm.short_init ) ), _xlpm.short_after ) -> 0 | M35: 上場株式等に係る譲渡所得の金額 | O35: =E27 -> 0 | P35: =E54 -> 0 | Q35: =E54 -> 0 | Z35: 配偶者控除 | AA35: =O16-AA16 -> 0 | AB35: =P16-AB16 -> 0
A36: 総合譲渡所得（長期） | C36: =インプット表!D11 -> 0 | E36: =_xlfn.LET( _xlpm.st,C35, _xlpm.lt,C36, _xlpm.pre_lt, IF(_xlpm.st*_xlpm.lt<0, IF(ABS(_xlpm.lt)>ABS(_xlpm.st), _xlpm.st+_xlpm.lt, 0), _xlpm.lt), _xlpm.pre_lt ) -> 0 | G36: =_xlfn.LET( _xlpm.ps, MAX(0,E35), _xlpm.pl, MAX(0,E36), _xlpm.pool, 500000 - MIN(500000, _xlpm.ps), MIN(_xlpm.pool, _xlpm.pl) ) -> 0 | I36: =_xlfn.LET( _xlpm.short_init, E35 - G35, _xlpm.long_init, E36 - G36, _xlpm.one_init, MAX(0, E37 - G37), _xlpm.need_short, MAX(0, -_xlpm.short_init), _xlpm.use_long_for_short, MIN(MAX(0, _xlpm.long_init), _xlpm.need_short), _xlpm.need_long, MAX(0, -_xlpm.long_init), _xlpm.use_short_for_long, MIN(MAX(0, _xlpm.short_init), _xlpm.need_long), _xlpm.rem_need_long, _xlpm.need_long - _xlpm.use_short_for_long, _xlpm.use_one_for_long, MIN(_xlpm.one_init, _xlpm.rem_need_long), _xlpm.long_after, IF(_xlpm.short_init<0, _xlpm.long_init - _xlpm.use_long_for_short, IF(_xlpm.long_init<0, _xlpm.long_init + _xlpm.use_short_for_long + _xlpm.use_one_for_long, _xlpm.long_init ) ), _xlpm.long_after ) -> 0 | M36: 上場株式等に係る配当所得等の金額 | O36: =E28 -> 0 | P36: =E55 -> 0 | Q36: =E55 -> 0 | T36: 結果 | U36: 市 | V36: =ROUNDUP($V$21+IF($V$32,$V$33,$V$30),0) -> 177216 | W36: =ROUNDUP($W$21+$W$33+$W$30,0) -> 24783 | X36: =ROUNDDOWN(X21+X33,-2) -> 0 | Z36: 配偶者特別控除 | AA36: =O17-AA17 -> 0 | AB36: =P17-AB17 -> 0
A37: 一時 | C37: =IF(インプット表!D12<0,0,インプット表!D12) -> 0 | E37: =C37 -> 0 | G37: =_xlfn.LET( _xlpm.pit, MAX(0,E37), MIN(500000, _xlpm.pit) ) -> 0 | I37: =_xlfn.LET( _xlpm.short_init, E35 - G35, _xlpm.long_init, E36 - G36, _xlpm.one_init, MAX(0, E37 - G37), _xlpm.need_short, MAX(0, -_xlpm.short_init), _xlpm.use_long_for_short, MIN(MAX(0, _xlpm.long_init), _xlpm.need_short), _xlpm.rem_need_short, _xlpm.need_short - _xlpm.use_long_for_short, _xlpm.use_one_for_short, MIN(_xlpm.one_init, _xlpm.rem_need_short), _xlpm.need_long, MAX(0, -_xlpm.long_init), _xlpm.use_short_for_long, MIN(MAX(0, _xlpm.short_init), _xlpm.need_long), _xlpm.rem_need_long, _xlpm.need_long - _xlpm.use_short_for_long, _xlpm.use_one_for_long, MIN(_xlpm.one_init, _xlpm.rem_need_long), _xlpm.one_after, IF(_xlpm.short_init<0, _xlpm.one_init - _xlpm.use_one_for_short, IF(_xlpm.long_init<0, _xlpm.one_init - _xlpm.use_one_for_long, _xlpm.one_init ) ), MAX(0, _xlpm.one_after) ) -> 0 | M37: 先物取引に係る雑所得等の金額 | O37: =インプット表!C21 -> 0 | P37: =インプット表!D21 -> 0 | Q37: =インプット表!D21 -> 0 | U37: 県 | V37: =ROUNDUP($V$22+IF($V$32,$V$34,$V$31),0) -> 118144 | W37: =ROUNDUP($W$22+$W$34+$W$31,0) -> 16522 | X37: =ROUNDDOWN(X22+X34,-2) -> 0 | Z37: 扶養控除 | AA37: =O18-AA18 -> 0 | AB37: =P18-AB18 -> 0
M38: 山林所得金額 | O38: =J17 -> 0 | P38: =J44 -> 0 | Q38: =J44 -> 0 | U38: 合計 | V38: =SUM(V36:V37) -> 295360 | W38: =SUM(W36:W37) -> 41305 | X38: =SUM(X36:X37) -> 0 | Z38: 基礎控除 | AA38: =IF(AA6>25000000,0,50000) -> 50000 | AB38: =IF(AB6>25000000,0,50000) -> 50000
C39: 通算前 | E39: 第1次通算後 | G39: 第2次通算後 | I39: 第3次通算後 | J39: 所得金額 | M39: 退職所得金額 | O39: =J18 -> 0 | P39: =J45 -> 0 | Q39: =J45 -> 0 | Z39: 人的控除額の差の合計額 | AA39: =IF(AA6>25000000,0,SUM(AA31:AA38)) -> 50000 | AB39: =IF(AB6>25000000,0,SUM(AB31:AB38)) -> 50000
A40: 経常所得 | C40: =SUM(インプット表!D2,インプット表!D3,インプット表!D4,IF(インプット表!D5<0,0,インプット表!D5),IF(インプット表!D6<0,0,インプット表!D6),IF(インプット表!D7<0,0,インプット表!D7),IF(インプット表!D8<0,0,インプット表!D8),IF(インプット表!D9<0,0,インプット表!D9)) -> 5000000 | D40: 第1次 | E40: =_xlfn.LET( _xlpm.econ,C40, _xlpm.shortT,C41, _xlpm.longT,C42, _xlpm.oneTime,C43, _xlpm.econ_pos,MAX(0,_xlpm.econ), _xlpm.lt_neg,MAX(0,-_xlpm.longT), _xlpm.st_neg,MAX(0,-_xlpm.shortT), _xlpm.use_econ,MIN(_xlpm.econ_pos, _xlpm.lt_neg+_xlpm.st_neg), _xlpm.lt_raise,MIN(_xlpm.use_econ, _xlpm.lt_neg), _xlpm.st_raise,MIN(_xlpm.use_econ-_xlpm.lt_raise, _xlpm.st_neg), _xlpm.econ_after, _xlpm.econ-(_xlpm.lt_raise+_xlpm.st_raise), _xlpm.st_after, _xlpm.shortT+_xlpm.st_raise, _xlpm.lt_after, _xlpm.longT+_xlpm.lt_raise, _xlpm.it_after, _xlpm.oneTime, _xlpm.econ_neg,MAX(0,-_xlpm.econ_after), _xlpm.use_from_st,MIN(MAX(0,_xlpm.st_after), _xlpm.econ_neg), _xlpm.use_from_lt,MIN(MAX(0,_xlpm.lt_after), _xlpm.econ_neg-_xlpm.use_from_st), _xlpm.use_from_it,MIN(MAX(0,_xlpm.it_after), _xlpm.econ_neg-_xlpm.use_from_st-_xlpm.use_from_lt), _xlpm.econ_after + _xlpm.use_from_st + _xlpm.use_from_lt + _xlpm.use_from_it ) -> 5000000 | F40: 第2次 | G40: =_xlfn.LET( _xlpm.econ,E40, _xlpm.st,E41, _xlpm.lt,E42, _xlpm.it,E43, _xlpm.forest,E44, _xlpm.forest_pos,MAX(0,_xlpm.forest), _xlpm.forest_neg,MAX(0,-_xlpm.forest), _xlpm.ltNeg,MAX(0,-_xlpm.lt), _xlpm.stNeg,MAX(0,-_xlpm.st), _xlpm.econNeg,MAX(0,-_xlpm.econ), _xlpm.ltPos,MAX(0,_xlpm.lt), _xlpm.stPos,MAX(0,_xlpm.st), _xlpm.econPos,MAX(0,_xlpm.econ), _xlpm.itPos,MAX(0,_xlpm.it), _xlpm.use_lt_pos, MIN(_xlpm.forest_pos, _xlpm.ltNeg), _xlpm.use_st_pos, MIN(_xlpm.forest_pos-_xlpm.use_lt_pos, _xlpm.stNeg), _xlpm.use_econ_pos,MIN(_xlpm.forest_pos-_xlpm.use_lt_pos-_xlpm.use_st_pos, _xlpm.econNeg), _xlpm.econ_when_pos, _xlpm.econ + _xlpm.use_econ_pos, _xlpm.use_from_econ, MIN(_xlpm.econPos, _xlpm.forest_neg), _xlpm.use_from_st, MIN(_xlpm.stPos, _xlpm.forest_neg - _xlpm.use_from_econ), _xlpm.use_from_lt, MIN(_xlpm.ltPos, _xlpm.forest_neg - _xlpm.use_from_econ - _xlpm.use_from_st), _xlpm.use_from_it, MIN(_xlpm.itPos, _xlpm.forest_neg - _xlpm.use_from_econ - _xlpm.use_from_st - _xlpm.use_from_lt), _xlpm.econ_when_neg, _xlpm.econ - _xlpm.use_from_econ, IF(_xlpm.forest>=0, _xlpm.econ_when_pos, _xlpm.econ_when_neg) ) -> 5000000 | H40: 第3次 | I40: =_xlfn.LET( _xlpm.econ,G40, _xlpm.st,G41, _xlpm.lt,G42, _xlpm.it,G43, _xlpm.forest,G44, _xlpm.retire,G45, _xlpm.ret_pos,MAX(0,_xlpm.retire), _xlpm.neg_lt,MAX(0,-_xlpm.lt), _xlpm.neg_st,MAX(0,-_xlpm.st), _xlpm.neg_econ,MAX(0,-_xlpm.econ), _xlpm.neg_for,MAX(0,-_xlpm.forest), _xlpm.use_lt,MIN(_xlpm.ret_pos,_xlpm.neg_lt), _xlpm.use_st,MIN(_xlpm.ret_pos-_xlpm.use_lt,_xlpm.neg_st), _xlpm.use_econ,MIN(_xlpm.ret_pos-_xlpm.use_lt-_xlpm.use_st,_xlpm.neg_econ), _xlpm.use_for,MIN(_xlpm.ret_pos-_xlpm.use_lt-_xlpm.use_st-_xlpm.use_econ,_xlpm.neg_for), _xlpm.econ + _xlpm.use_econ ) -> 5000000 | J40: =I40 -> 5000000 | L40: 課税される所得金額 | M40: 総合課税の合計額 | O40: =O6 -> 13831070 | P40: =P6 -> 5000000 | Q40: =Q6 -> 5000000
A41: 総合譲渡所得（短期） | C41: =I35 -> 0 | E41: =_xlfn.LET( _xlpm.econ,C40, _xlpm.shortT,C41, _xlpm.longT,C42, _xlpm.oneTime,C43, _xlpm.econ_pos,MAX(0,_xlpm.econ), _xlpm.lt_neg,MAX(0,-_xlpm.longT), _xlpm.st_neg,MAX(0,-_xlpm.shortT), _xlpm.use_econ,MIN(_xlpm.econ_pos, _xlpm.lt_neg+_xlpm.st_neg), _xlpm.lt_raise,MIN(_xlpm.use_econ, _xlpm.lt_neg), _xlpm.st_raise,MIN(_xlpm.use_econ-_xlpm.lt_raise, _xlpm.st_neg), _xlpm.econ_after, _xlpm.econ-(_xlpm.lt_raise+_xlpm.st_raise), _xlpm.st_after, _xlpm.shortT+_xlpm.st_raise, _xlpm.econ_neg,MAX(0,-_xlpm.econ_after), _xlpm.use_from_st,MIN(MAX(0,_xlpm.st_after), _xlpm.econ_neg), _xlpm.st_after - _xlpm.use_from_st ) -> 0 | G41: =_xlfn.LET( _xlpm.econ,E40, _xlpm.st,E41, _xlpm.lt,E42, _xlpm.it,E43, _xlpm.forest,E44, _xlpm.forest_pos,MAX(0,_xlpm.forest), _xlpm.forest_neg,MAX(0,-_xlpm.forest), _xlpm.ltNeg,MAX(0,-_xlpm.lt), _xlpm.stNeg,MAX(0,-_xlpm.st), _xlpm.ltPos,MAX(0,_xlpm.lt), _xlpm.stPos,MAX(0,_xlpm.st), _xlpm.itPos,MAX(0,_xlpm.it), _xlpm.econPos,MAX(0,_xlpm.econ), _xlpm.use_lt_pos, MIN(_xlpm.forest_pos, _xlpm.ltNeg), _xlpm.use_st_pos, MIN(_xlpm.forest_pos-_xlpm.use_lt_pos, _xlpm.stNeg), _xlpm.st_when_pos, _xlpm.st + _xlpm.use_st_pos, _xlpm.use_from_econ, MIN(_xlpm.econPos, _xlpm.forest_neg), _xlpm.use_from_st, MIN(_xlpm.stPos, _xlpm.forest_neg - _xlpm.use_from_econ), _xlpm.st_when_neg, _xlpm.st - _xlpm.use_from_st, IF(_xlpm.forest>=0, _xlpm.st_when_pos, _xlpm.st_when_neg) ) -> 0 | I41: =_xlfn.LET( _xlpm.econ,G40, _xlpm.st,G41, _xlpm.lt,G42, _xlpm.it,G43, _xlpm.forest,G44, _xlpm.retire,G45, _xlpm.ret_pos,MAX(0,_xlpm.retire), _xlpm.neg_lt,MAX(0,-_xlpm.lt), _xlpm.neg_st,MAX(0,-_xlpm.st), _xlpm.neg_econ,MAX(0,-_xlpm.econ), _xlpm.neg_for,MAX(0,-_xlpm.forest), _xlpm.use_lt,MIN(_xlpm.ret_pos,_xlpm.neg_lt), _xlpm.use_st,MIN(_xlpm.ret_pos-_xlpm.use_lt,_xlpm.neg_st), _xlpm.st + _xlpm.use_st ) -> 0 | J41: =I41 -> 0 | M41: 所得から差し引かれる金額 | O41: =MIN(O25, O40) -> 1876927 | P41: =MIN(P25, P40) -> 1716000 | Q41: =Q25 -> 1670000 | Z41: 特例控除の控除率の決定 | AA41: 前期 | AB41: 当期
A42: 総合譲渡所得（長期） | C42: =I36 -> 0 | E42: =_xlfn.LET( _xlpm.econ,C40, _xlpm.shortT,C41, _xlpm.longT,C42, _xlpm.oneTime,C43, _xlpm.econ_pos,MAX(0,_xlpm.econ), _xlpm.lt_neg,MAX(0,-_xlpm.longT), _xlpm.st_neg,MAX(0,-_xlpm.shortT), _xlpm.use_econ,MIN(_xlpm.econ_pos, _xlpm.lt_neg+_xlpm.st_neg), _xlpm.lt_raise,MIN(_xlpm.use_econ, _xlpm.lt_neg), _xlpm.st_raise,MIN(_xlpm.use_econ-_xlpm.lt_raise, _xlpm.st_neg), _xlpm.econ_after, _xlpm.econ-(_xlpm.lt_raise+_xlpm.st_raise), _xlpm.lt_after, _xlpm.longT+_xlpm.lt_raise, _xlpm.econ_neg,MAX(0,-_xlpm.econ_after), _xlpm.use_from_st,MIN(MAX(0,_xlpm.shortT+_xlpm.st_raise), _xlpm.econ_neg), _xlpm.use_from_lt,MIN(MAX(0,_xlpm.lt_after), _xlpm.econ_neg-_xlpm.use_from_st), _xlpm.lt_after - _xlpm.use_from_lt ) -> 0 | G42: =_xlfn.LET( _xlpm.econ,E40, _xlpm.st,E41, _xlpm.lt,E42, _xlpm.it,E43, _xlpm.forest,E44, _xlpm.forest_pos,MAX(0,_xlpm.forest), _xlpm.forest_neg,MAX(0,-_xlpm.forest), _xlpm.ltNeg,MAX(0,-_xlpm.lt), _xlpm.stNeg,MAX(0,-_xlpm.st), _xlpm.ltPos,MAX(0,_xlpm.lt), _xlpm.stPos,MAX(0,_xlpm.st), _xlpm.itPos,MAX(0,_xlpm.it), _xlpm.econPos,MAX(0,_xlpm.econ), _xlpm.use_lt_pos, MIN(_xlpm.forest_pos, _xlpm.ltNeg), _xlpm.lt_when_pos, _xlpm.lt + _xlpm.use_lt_pos, _xlpm.use_from_econ, MIN(_xlpm.econPos, _xlpm.forest_neg), _xlpm.use_from_st, MIN(_xlpm.stPos, _xlpm.forest_neg - _xlpm.use_from_econ), _xlpm.use_from_lt, MIN(_xlpm.ltPos, _xlpm.forest_neg - _xlpm.use_from_econ - _xlpm.use_from_st), _xlpm.lt_when_neg, _xlpm.lt - _xlpm.use_from_lt, IF(_xlpm.forest>=0, _xlpm.lt_when_pos, _xlpm.lt_when_neg) ) -> 0 | I42: =_xlfn.LET( _xlpm.econ,G40, _xlpm.st,G41, _xlpm.lt,G42, _xlpm.it,G43, _xlpm.forest,G44, _xlpm.retire,G45, _xlpm.ret_pos,MAX(0,_xlpm.retire), _xlpm.neg_lt,MAX(0,-_xlpm.lt), _xlpm.neg_st,MAX(0,-_xlpm.st), _xlpm.neg_econ,MAX(0,-_xlpm.econ), _xlpm.neg_for,MAX(0,-_xlpm.forest), _xlpm.use_lt,MIN(_xlpm.ret_pos,_xlpm.neg_lt), _xlpm.lt + _xlpm.use_lt ) -> 0 | J42: =I42/2 -> 0 | M42: 総合課税 | O42: =ROUNDDOWN(O40 - O41,-3) -> 11954000 | P42: =ROUNDDOWN(P40 - P41,-3) -> 3284000 | Q42: =ROUNDDOWN(Q40 - Q41,-3) -> 3330000 | Z42: 課税所得(総合) | AA42: =INDEX($O:$O, MATCH("総合課税",$M:$M,0)) -> 11954000 | AB42: =INDEX($P:$P, MATCH("総合課税",$M:$M,0)) -> 3284000
A43: 一時所得 | C43: =I37 -> 0 | E43: =_xlfn.LET( _xlpm.econ,C40, _xlpm.shortT,C41, _xlpm.longT,C42, _xlpm.oneTime,C43, _xlpm.econ_pos,MAX(0,_xlpm.econ), _xlpm.lt_neg,MAX(0,-_xlpm.longT), _xlpm.st_neg,MAX(0,-_xlpm.shortT), _xlpm.use_econ,MIN(_xlpm.econ_pos, _xlpm.lt_neg+_xlpm.st_neg), _xlpm.lt_raise,MIN(_xlpm.use_econ, _xlpm.lt_neg), _xlpm.st_raise,MIN(_xlpm.use_econ-_xlpm.lt_raise, _xlpm.st_neg), _xlpm.econ_after, _xlpm.econ-(_xlpm.lt_raise+_xlpm.st_raise), _xlpm.st_after, _xlpm.shortT+_xlpm.st_raise, _xlpm.lt_after, _xlpm.longT+_xlpm.lt_raise, _xlpm.it_after, _xlpm.oneTime, _xlpm.econ_neg,MAX(0,-_xlpm.econ_after), _xlpm.use_from_st,MIN(MAX(0,_xlpm.st_after), _xlpm.econ_neg), _xlpm.use_from_lt,MIN(MAX(0,_xlpm.lt_after), _xlpm.econ_neg-_xlpm.use_from_st), _xlpm.use_from_it,MIN(MAX(0,_xlpm.it_after), _xlpm.econ_neg-_xlpm.use_from_st-_xlpm.use_from_lt), MAX(0, _xlpm.it_after - _xlpm.use_from_it) ) -> 0 | G43: =_xlfn.LET( _xlpm.econ,E40, _xlpm.st,E41, _xlpm.lt,E42, _xlpm.it,E43, _xlpm.forest,E44, _xlpm.forest_pos,MAX(0,_xlpm.forest), _xlpm.forest_neg,MAX(0,-_xlpm.forest), _xlpm.ltNeg,MAX(0,-_xlpm.lt), _xlpm.stNeg,MAX(0,-_xlpm.st), _xlpm.econNeg,MAX(0,-_xlpm.econ), _xlpm.ltPos,MAX(0,_xlpm.lt), _xlpm.stPos,MAX(0,_xlpm.st), _xlpm.econPos,MAX(0,_xlpm.econ), _xlpm.itPos,MAX(0,_xlpm.it), _xlpm.use_lt_pos, MIN(_xlpm.forest_pos, _xlpm.ltNeg), _xlpm.use_st_pos, MIN(_xlpm.forest_pos-_xlpm.use_lt_pos, _xlpm.stNeg), _xlpm.use_econ_pos,MIN(_xlpm.forest_pos-_xlpm.use_lt_pos-_xlpm.use_st_pos, _xlpm.econNeg), _xlpm.it_when_pos, _xlpm.it, _xlpm.use_from_econ, MIN(_xlpm.econPos, _xlpm.forest_neg), _xlpm.use_from_st, MIN(_xlpm.stPos, _xlpm.forest_neg - _xlpm.use_from_econ), _xlpm.use_from_lt, MIN(_xlpm.ltPos, _xlpm.forest_neg - _xlpm.use_from_econ - _xlpm.use_from_st), _xlpm.use_from_it, MIN(_xlpm.itPos, _xlpm.forest_neg - _xlpm.use_from_econ - _xlpm.use_from_st - _xlpm.use_from_lt), _xlpm.it_when_neg, MAX(0, _xlpm.it - _xlpm.use_from_it), IF(_xlpm.forest>=0, _xlpm.it_when_pos, _xlpm.it_when_neg) ) -> 0 | I43: =_xlfn.LET( _xlpm.it,G43, _xlpm.it ) -> 0 | J43: =I43/2 -> 0 | M43: 短期譲渡 | O43: =ROUNDDOWN(SUM(O29:O30),-3) -> 0 | P43: =ROUNDDOWN(SUM(P29:P30),-3) -> 0 | Q43: =ROUNDDOWN(SUM(Q29:Q30),-3) -> 0 | Z43: 山林所得金額 | AA43: =INDEX($O:$O, MATCH("山林所得金額",$M:$M,0)) -> 0 | AB43: =INDEX($P:$P, MATCH("山林所得金額",$M:$M,0)) -> 0
A44: 山林所得金額 | C44: =インプット表!D22 -> 0 | E44: =C44 -> 0 | G44: =_xlfn.LET( _xlpm.econ,E40, _xlpm.st,E41, _xlpm.lt,E42, _xlpm.it,E43, _xlpm.forest,E44, _xlpm.forest_pos,MAX(0,_xlpm.forest), _xlpm.forest_neg,MAX(0,-_xlpm.forest), _xlpm.ltNeg,MAX(0,-_xlpm.lt), _xlpm.stNeg,MAX(0,-_xlpm.st), _xlpm.econNeg,MAX(0,-_xlpm.econ), _xlpm.ltPos,MAX(0,_xlpm.lt), _xlpm.stPos,MAX(0,_xlpm.st), _xlpm.econPos,MAX(0,_xlpm.econ), _xlpm.itPos,MAX(0,_xlpm.it), _xlpm.use_lt_pos, MIN(_xlpm.forest_pos, _xlpm.ltNeg), _xlpm.use_st_pos, MIN(_xlpm.forest_pos-_xlpm.use_lt_pos, _xlpm.stNeg), _xlpm.use_econ_pos,MIN(_xlpm.forest_pos-_xlpm.use_lt_pos-_xlpm.use_st_pos, _xlpm.econNeg), _xlpm.forest_after_pos, _xlpm.forest - (_xlpm.use_lt_pos + _xlpm.use_st_pos + _xlpm.use_econ_pos), _xlpm.use_from_econ, MIN(_xlpm.econPos, _xlpm.forest_neg), _xlpm.use_from_st, MIN(_xlpm.stPos, _xlpm.forest_neg - _xlpm.use_from_econ), _xlpm.use_from_lt, MIN(_xlpm.ltPos, _xlpm.forest_neg - _xlpm.use_from_econ - _xlpm.use_from_st), _xlpm.use_from_it, MIN(_xlpm.itPos, _xlpm.forest_neg - _xlpm.use_from_econ - _xlpm.use_from_st - _xlpm.use_from_lt), _xlpm.forest_after_neg, _xlpm.forest + (_xlpm.use_from_econ + _xlpm.use_from_st + _xlpm.use_from_lt + _xlpm.use_from_it), IF(_xlpm.forest>=0, _xlpm.forest_after_pos, _xlpm.forest_after_neg) ) -> 0 | I44: =_xlfn.LET( _xlpm.econ,G40, _xlpm.st,G41, _xlpm.lt,G42, _xlpm.it,G43, _xlpm.forest,G44, _xlpm.retire,G45, _xlpm.ret_pos,MAX(0,_xlpm.retire), _xlpm.neg_lt,MAX(0,-_xlpm.lt), _xlpm.neg_st,MAX(0,-_xlpm.st), _xlpm.neg_econ,MAX(0,-_xlpm.econ), _xlpm.neg_for,MAX(0,-_xlpm.forest), _xlpm.use_lt,MIN(_xlpm.ret_pos,_xlpm.neg_lt), _xlpm.use_st,MIN(_xlpm.ret_pos-_xlpm.use_lt,_xlpm.neg_st), _xlpm.use_econ,MIN(_xlpm.ret_pos-_xlpm.use_lt-_xlpm.use_st,_xlpm.neg_econ), _xlpm.use_for,MIN(_xlpm.ret_pos-_xlpm.use_lt-_xlpm.use_st-_xlpm.use_econ,_xlpm.neg_for), _xlpm.forest + _xlpm.use_for ) -> 0 | J44: =I44 -> 0 | M44: 長期譲渡 | O44: =ROUNDDOWN(SUM(O31:O33),-3) -> 0 | P44: =ROUNDDOWN(SUM(P31:P33),-3) -> 0 | Q44: =ROUNDDOWN(SUM(Q31:Q33),-3) -> 0 | Z44: 退職所得金額 | AA44: =INDEX($O:$O, MATCH("退職所得金額",$M:$M,0)) -> 0 | AB44: =INDEX($P:$P, MATCH("退職所得金額",$M:$M,0)) -> 0
A45: 退職所得金額 | C45: =IF(インプット表!D23<0,0,インプット表!D23) -> 0 | E45: =C45 -> 0 | G45: =E45 -> 0 | I45: =_xlfn.LET( _xlpm.econ,G40, _xlpm.st,G41, _xlpm.lt,G42, _xlpm.it,G43, _xlpm.forest,G44, _xlpm.retire,G45, _xlpm.ret_pos,MAX(0,_xlpm.retire), _xlpm.neg_lt,MAX(0,-_xlpm.lt), _xlpm.neg_st,MAX(0,-_xlpm.st), _xlpm.neg_econ,MAX(0,-_xlpm.econ), _xlpm.neg_for,MAX(0,-_xlpm.forest), _xlpm.use_lt,MIN(_xlpm.ret_pos,_xlpm.neg_lt), _xlpm.use_st,MIN(_xlpm.ret_pos-_xlpm.use_lt,_xlpm.neg_st), _xlpm.use_econ,MIN(_xlpm.ret_pos-_xlpm.use_lt-_xlpm.use_st,_xlpm.neg_econ), _xlpm.use_for,MIN(_xlpm.ret_pos-_xlpm.use_lt-_xlpm.use_st-_xlpm.use_econ,_xlpm.neg_for), _xlpm.retire - (_xlpm.use_lt + _xlpm.use_st + _xlpm.use_econ + _xlpm.use_for) ) -> 0 | J45: =I45 -> 0 | M45: 一般・上場株式の譲渡 | O45: =ROUNDDOWN(SUM(O34:O35),-3) -> 0 | P45: =ROUNDDOWN(SUM(P34:P35),-3) -> 0 | Q45: =ROUNDDOWN(SUM(Q34:Q35),-3) -> 0 | Z45: 上場配当 | AA45: =MAX(0, N(INDEX($O:$O, MATCH("上場株式等に係る配当所得等の金額",$M:$M,0)))) -> 0 | AB45: =MAX(0, N(INDEX($P:$P, MATCH("上場株式等に係る配当所得等の金額",$M:$M,0)))) -> 0
I46: 所得金額の合計額 | J46: =SUM(J40:J45) -> 5000000 | M46: 上場株式の配当等 | O46: =ROUNDDOWN(O36,-3) -> 0 | P46: =ROUNDDOWN(P36,-3) -> 0 | Q46: =ROUNDDOWN(Q36,-3) -> 0 | Z46: 上場譲渡 | AA46: =MAX(0, N(INDEX($O:$O, MATCH("上場株式等に係る譲渡所得の金額",$M:$M,0)))) -> 0 | AB46: =MAX(0, N(INDEX($P:$P, MATCH("上場株式等に係る譲渡所得の金額",$M:$M,0)))) -> 0
M47: 先物取引 | O47: =ROUNDDOWN(O37,-3) -> 0 | P47: =ROUNDDOWN(P37,-3) -> 0 | Q47: =ROUNDDOWN(Q37,-3) -> 0 | Z47: 短期譲渡 | AA47: =MAX(0, N(INDEX($O:$O, MATCH("短期譲渡所得金額",$M:$M,0)))) -> 0 | AB47: =MAX(0, N(INDEX($P:$P, MATCH("短期譲渡所得金額",$M:$M,0)))) -> 0
A48: 分離課税短期譲渡所得金額 | B48: 一般 | C48: =インプット表!D13 -> 0 | E48: =_xlfn.LET( _xlpm.short_general, C48, _xlpm.short_reduced, C49, _xlpm.short_general_after, IF(AND(_xlpm.short_general>=0, _xlpm.short_reduced<0), _xlpm.short_general - MIN(_xlpm.short_general, -_xlpm.short_reduced), IF(AND(_xlpm.short_general<0, _xlpm.short_reduced>=0), _xlpm.short_general + MIN(_xlpm.short_reduced, -_xlpm.short_general), _xlpm.short_general ) ), _xlpm.short_general_after ) -> 0 | G48: =_xlfn.LET( _xlpm.s_general, E48, _xlpm.s_reduced, E49, _xlpm.l_general, E50, _xlpm.l_reduced, E51, _xlpm.l_light, E52, _xlpm.short_need, MAX(0, -(MIN(0, _xlpm.s_general) + MIN(0, _xlpm.s_reduced))), _xlpm.long_need, MAX(0, -(MIN(0, _xlpm.l_general) + MIN(0, _xlpm.l_reduced) + MIN(0, _xlpm.l_light))), _xlpm.give_lg, IF(AND(_xlpm.short_need>0, _xlpm.long_need=0), MIN(MAX(0, _xlpm.l_general), _xlpm.short_need), 0), _xlpm.rem_s1, IF(AND(_xlpm.short_need>0, _xlpm.long_need=0), _xlpm.short_need - _xlpm.give_lg, 0), _xlpm.give_lr, IF(AND(_xlpm.short_need>0, _xlpm.long_need=0), MIN(MAX(0, _xlpm.l_reduced), _xlpm.rem_s1), 0), _xlpm.rem_s2, IF(AND(_xlpm.short_need>0, _xlpm.long_need=0), _xlpm.rem_s1 - _xlpm.give_lr, 0), _xlpm.give_ll, IF(AND(_xlpm.short_need>0, _xlpm.long_need=0), MIN(MAX(0, _xlpm.l_light), _xlpm.rem_s2), 0), _xlpm.total_to_short, _xlpm.give_lg + _xlpm.give_lr + _xlpm.give_ll, _xlpm.inc_s_general, MIN(MAX(0, -_xlpm.s_general), _xlpm.total_to_short), _xlpm.take_sg, IF(AND(_xlpm.long_need>0, _xlpm.short_need=0), MIN(MAX(0, _xlpm.s_general), _xlpm.long_need), 0), _xlpm.rem_l1, IF(AND(_xlpm.long_need>0, _xlpm.short_need=0), _xlpm.long_need - _xlpm.take_sg, 0), _xlpm.take_sr, IF(AND(_xlpm.long_need>0, _xlpm.short_need=0), MIN(MAX(0, _xlpm.s_reduced), _xlpm.rem_l1), 0), _xlpm.s_general + _xlpm.inc_s_general - _xlpm.take_sg ) -> 0 | M48: 山林 | O48: =ROUNDDOWN(MAX(0, O38 - MAX(0, O25 - O40)),-3) -> 0 | P48: =ROUNDDOWN(MAX(0, P38 - MAX(0, P25 - P40)),-3) -> 0 | Q48: =ROUNDDOWN(MAX(0, Q38 - MAX(0, Q25 - Q40)),-3) -> 0 | Z48: 長期譲渡 | AA48: =MAX(0, N(INDEX($O:$O, MATCH("長期譲渡所得金額",$M:$M,0)))) -> 0 | AB48: =MAX(0, N(INDEX($P:$P, MATCH("長期譲渡所得金額",$M:$M,0)))) -> 0
B49: 軽減 | C49: =インプット表!D14 -> 0 | E49: =_xlfn.LET( _xlpm.short_general, C48, _xlpm.short_reduced, C49, _xlpm.short_reduced_after, IF(AND(_xlpm.short_general>=0, _xlpm.short_reduced<0), _xlpm.short_reduced + MIN(_xlpm.short_general, -_xlpm.short_reduced), IF(AND(_xlpm.short_general<0, _xlpm.short_reduced>=0), _xlpm.short_reduced - MIN(_xlpm.short_reduced, -_xlpm.short_general), _xlpm.short_reduced ) ), _xlpm.short_reduced_after ) -> 0 | G49: =_xlfn.LET( _xlpm.s_general, E48, _xlpm.s_reduced, E49, _xlpm.l_general, E50, _xlpm.l_reduced, E51, _xlpm.l_light, E52, _xlpm.short_need, MAX(0, -(MIN(0, _xlpm.s_general) + MIN(0, _xlpm.s_reduced))), _xlpm.long_need, MAX(0, -(MIN(0, _xlpm.l_general) + MIN(0, _xlpm.l_reduced) + MIN(0, _xlpm.l_light))), _xlpm.give_lg, IF(AND(_xlpm.short_need>0, _xlpm.long_need=0), MIN(MAX(0, _xlpm.l_general), _xlpm.short_need), 0), _xlpm.rem_s1, IF(AND(_xlpm.short_need>0, _xlpm.long_need=0), _xlpm.short_need - _xlpm.give_lg, 0), _xlpm.give_lr, IF(AND(_xlpm.short_need>0, _xlpm.long_need=0), MIN(MAX(0, _xlpm.l_reduced), _xlpm.rem_s1), 0), _xlpm.rem_s2, IF(AND(_xlpm.short_need>0, _xlpm.long_need=0), _xlpm.rem_s1 - _xlpm.give_lr, 0), _xlpm.give_ll, IF(AND(_xlpm.short_need>0, _xlpm.long_need=0), MIN(MAX(0, _xlpm.l_light), _xlpm.rem_s2), 0), _xlpm.total_to_short, _xlpm.give_lg + _xlpm.give_lr + _xlpm.give_ll, _xlpm.inc_s_general, MIN(MAX(0, -_xlpm.s_general), _xlpm.total_to_short), _xlpm.inc_s_reduced, MIN(MAX(0, -_xlpm.s_reduced), _xlpm.total_to_short - _xlpm.inc_s_general), _xlpm.take_sg, IF(AND(_xlpm.long_need>0, _xlpm.short_need=0), MIN(MAX(0, _xlpm.s_general), _xlpm.long_need), 0), _xlpm.rem_l1, IF(AND(_xlpm.long_need>0, _xlpm.short_need=0), _xlpm.long_need - _xlpm.take_sg, 0), _xlpm.take_sr, IF(AND(_xlpm.long_need>0, _xlpm.short_need=0), MIN(MAX(0, _xlpm.s_reduced), _xlpm.rem_l1), 0), _xlpm.s_reduced + _xlpm.inc_s_reduced - _xlpm.take_sr ) -> 0 | M49: 退職 | O49: =ROUNDDOWN(MAX(0, O39 - MAX(0, O25 - O40 - O38)),-3) -> 0 | P49: =ROUNDDOWN(MAX(0, P39 - MAX(0, P25 - P40 - P38)),-3) -> 0 | Q49: =ROUNDDOWN(MAX(0, Q39 - MAX(0, Q25 - Q40 - Q38)),-3) -> 0 | Z49: 課税総所得金額 − 人的控除差調整額 | AA49: =AA42-$AA$39 -> 11904000 | AB49: =AB42-$AB$39 -> 3234000
A50: 分離課税長期譲渡所得金額 | B50: 一般 | C50: =インプット表!D15 -> 0 | E50: =_xlfn.LET( _xlpm.long_general, C50, _xlpm.long_reduced, C51, _xlpm.long_light, C52, _xlpm.need_general, MAX(0, -_xlpm.long_general), _xlpm.move_reduced_to_general, MIN(MAX(0, _xlpm.long_reduced), _xlpm.need_general), _xlpm.lg_a, _xlpm.long_general + _xlpm.move_reduced_to_general, _xlpm.lr_a, _xlpm.long_reduced - _xlpm.move_reduced_to_general, _xlpm.ll_a, _xlpm.long_light, _xlpm.need_general_2, MAX(0, -_xlpm.lg_a), _xlpm.move_light_to_general, MIN(MAX(0, _xlpm.ll_a), _xlpm.need_general_2), _xlpm.lg_b, _xlpm.lg_a + _xlpm.move_light_to_general, _xlpm.lr_b, _xlpm.lr_a, _xlpm.ll_b, _xlpm.ll_a - _xlpm.move_light_to_general, _xlpm.need_reduced, MAX(0, -_xlpm.lr_b), _xlpm.move_general_to_reduced, MIN(MAX(0, _xlpm.lg_b), _xlpm.need_reduced), _xlpm.lg_c, _xlpm.lg_b - _xlpm.move_general_to_reduced, _xlpm.lr_c, _xlpm.lr_b + _xlpm.move_general_to_reduced, _xlpm.need_reduced_2, MAX(0, -_xlpm.lr_c), _xlpm.move_light_to_reduced, MIN(MAX(0, _xlpm.ll_b), _xlpm.need_reduced_2), _xlpm.lg_d, _xlpm.lg_c, _xlpm.lr_d, _xlpm.lr_c + _xlpm.move_light_to_reduced, _xlpm.ll_c, _xlpm.ll_b - _xlpm.move_light_to_reduced, _xlpm.need_light, MAX(0, -_xlpm.ll_c), _xlpm.move_general_to_light, MIN(MAX(0, _xlpm.lg_d), _xlpm.need_light), _xlpm.lg_e, _xlpm.lg_d - _xlpm.move_general_to_light, _xlpm.ll_d, _xlpm.ll_c + _xlpm.move_general_to_light, _xlpm.need_light_2, MAX(0, -_xlpm.ll_d), _xlpm.move_reduced_to_light, MIN(MAX(0, _xlpm.lr_d), _xlpm.need_light_2), _xlpm.lg_e ) -> 0 | G50: =_xlfn.LET( _xlpm.s_general, E48, _xlpm.s_reduced, E49, _xlpm.l_general, E50, _xlpm.l_reduced, E51, _xlpm.l_light, E52, _xlpm.short_need, MAX(0, -(MIN(0, _xlpm.s_general) + MIN(0, _xlpm.s_reduced))), _xlpm.long_need, MAX(0, -(MIN(0, _xlpm.l_general) + MIN(0, _xlpm.l_reduced) + MIN(0, _xlpm.l_light))), _xlpm.give_lg, IF(AND(_xlpm.short_need>0, _xlpm.long_need=0), MIN(MAX(0, _xlpm.l_general), _xlpm.short_need), 0), _xlpm.take_sg, IF(AND(_xlpm.long_need>0, _xlpm.short_need=0), MIN(MAX(0, _xlpm.s_general), _xlpm.long_need), 0), _xlpm.rem_l1, IF(AND(_xlpm.long_need>0, _xlpm.short_need=0), _xlpm.long_need - _xlpm.take_sg, 0), _xlpm.take_sr, IF(AND(_xlpm.long_need>0, _xlpm.short_need=0), MIN(MAX(0, _xlpm.s_reduced), _xlpm.rem_l1), 0), _xlpm.inc_l_general, MIN(MAX(0, -_xlpm.l_general), _xlpm.take_sg + _xlpm.take_sr), _xlpm.l_general - _xlpm.give_lg + _xlpm.inc_l_general ) -> 0 | L50: 税額 | M50: 総合課税 | O50: {=O42*INDEX(マスター!$D$3:$D$9,MATCH(1,(O42>=マスター!$A$3:$A$9)*(O42<=IF(マスター!$C$3:$C$9="",1E+99,マスター!$C$3:$C$9)),0))-INDEX(マスター!$E$3:$E$9,MATCH(1,(O42>=マスター!$A$3:$A$9)*(O42<=IF(マスター!$C$3:$C$9="",1E+99,マスター!$C$3:$C$9)),0))} -> 2408820 | P50: {=P42*INDEX(マスター!$D$3:$D$9,MATCH(1,(P42>=マスター!$A$3:$A$9)*(P42<=IF(マスター!$C$3:$C$9="",1E+99,マスター!$C$3:$C$9)),0))-INDEX(マスター!$E$3:$E$9,MATCH(1,(P42>=マスター!$A$3:$A$9)*(P42<=IF(マスター!$C$3:$C$9="",1E+99,マスター!$C$3:$C$9)),0))} -> 230900 | Q50: {=Q42*INDEX(マスター!$D$3:$D$9,MATCH(1,(Q42>=マスター!$A$3:$A$9)*(Q42<=IF(マスター!$C$3:$C$9="",1E+99,マスター!$C$3:$C$9)),0))-INDEX(マスター!$E$3:$E$9,MATCH(1,(Q42>=マスター!$A$3:$A$9)*(Q42<=IF(マスター!$C$3:$C$9="",1E+99,マスター!$C$3:$C$9)),0))} -> 238500 | Z50: (ア)特例控除率（標準） | AA50: =_xlfn.XLOOKUP(MAX(0, $AA$49), マスター!$S$4:$S$10, マスター!$V$4:$V$10, , 1) -> 0.56307 | AB50: =LOOKUP($AB$49, マスター!$Q$4:$Q$10, マスター!$V$4:$V$10) -> 0.7979
B51: 特定 | C51: =インプット表!D16 -> 0 | E51: =_xlfn.LET( _xlpm.long_general, C50, _xlpm.long_reduced, C51, _xlpm.long_light, C52, _xlpm.need_general, MAX(0, -_xlpm.long_general), _xlpm.move_reduced_to_general, MIN(MAX(0, _xlpm.long_reduced), _xlpm.need_general), _xlpm.lg_a, _xlpm.long_general + _xlpm.move_reduced_to_general, _xlpm.lr_a, _xlpm.long_reduced - _xlpm.move_reduced_to_general, _xlpm.ll_a, _xlpm.long_light, _xlpm.need_general_2, MAX(0, -_xlpm.lg_a), _xlpm.move_light_to_general, MIN(MAX(0, _xlpm.ll_a), _xlpm.need_general_2), _xlpm.lg_b, _xlpm.lg_a + _xlpm.move_light_to_general, _xlpm.lr_b, _xlpm.lr_a, _xlpm.ll_b, _xlpm.ll_a - _xlpm.move_light_to_general, _xlpm.need_reduced, MAX(0, -_xlpm.lr_b), _xlpm.move_general_to_reduced, MIN(MAX(0, _xlpm.lg_b), _xlpm.need_reduced), _xlpm.lg_c, _xlpm.lg_b - _xlpm.move_general_to_reduced, _xlpm.lr_c, _xlpm.lr_b + _xlpm.move_general_to_reduced, _xlpm.need_reduced_2, MAX(0, -_xlpm.lr_c), _xlpm.move_light_to_reduced, MIN(MAX(0, _xlpm.ll_b), _xlpm.need_reduced_2), _xlpm.lr_d, _xlpm.lr_c + _xlpm.move_light_to_reduced, _xlpm.lr_d ) -> 0 | G51: =_xlfn.LET( _xlpm.s_general, E48, _xlpm.s_reduced, E49, _xlpm.l_general, E50, _xlpm.l_reduced, E51, _xlpm.l_light, E52, _xlpm.short_need, MAX(0, -(MIN(0, _xlpm.s_general) + MIN(0, _xlpm.s_reduced))), _xlpm.long_need, MAX(0, -(MIN(0, _xlpm.l_general) + MIN(0, _xlpm.l_reduced) + MIN(0, _xlpm.l_light))), _xlpm.give_lg, IF(AND(_xlpm.short_need>0, _xlpm.long_need=0), MIN(MAX(0, _xlpm.l_general), _xlpm.short_need), 0), _xlpm.rem_s1, IF(AND(_xlpm.short_need>0, _xlpm.long_need=0), _xlpm.short_need - _xlpm.give_lg, 0), _xlpm.give_lr, IF(AND(_xlpm.short_need>0, _xlpm.long_need=0), MIN(MAX(0, _xlpm.l_reduced), _xlpm.rem_s1), 0), _xlpm.take_sg, IF(AND(_xlpm.long_need>0, _xlpm.short_need=0), MIN(MAX(0, _xlpm.s_general), _xlpm.long_need), 0), _xlpm.rem_l1, IF(AND(_xlpm.long_need>0, _xlpm.short_need=0), _xlpm.long_need - _xlpm.take_sg, 0), _xlpm.take_sr, IF(AND(_xlpm.long_need>0, _xlpm.short_need=0), MIN(MAX(0, _xlpm.s_reduced), _xlpm.rem_l1), 0), _xlpm.inc_l_reduced, MIN(MAX(0, -_xlpm.l_reduced), _xlpm.take_sg + _xlpm.take_sr - MIN(MAX(0, -_xlpm.l_general), _xlpm.take_sg + _xlpm.take_sr)), _xlpm.l_reduced - _xlpm.give_lr + _xlpm.inc_l_reduced ) -> 0 | M51: 短期譲渡 | O51: =G21*30%+G22*15% -> 0 | P51: =G48*30%+G49*15% -> 0 | Q51: =G48*30%+G49*15% -> 0 | Z51: (イ)特例控除率（90%固定） | AA51: =0.9 -> 0.9 | AB51: =0.9 -> 0.9
B52: 軽課 | C52: =インプット表!D17 -> 0 | E52: =_xlfn.LET( _xlpm.long_general, C50, _xlpm.long_reduced, C51, _xlpm.long_light, C52, _xlpm.need_general, MAX(0, -_xlpm.long_general), _xlpm.move_reduced_to_general, MIN(MAX(0, _xlpm.long_reduced), _xlpm.need_general), _xlpm.lg_a, _xlpm.long_general + _xlpm.move_reduced_to_general, _xlpm.lr_a, _xlpm.long_reduced - _xlpm.move_reduced_to_general, _xlpm.ll_a, _xlpm.long_light, _xlpm.need_general_2, MAX(0, -_xlpm.lg_a), _xlpm.move_light_to_general, MIN(MAX(0, _xlpm.ll_a), _xlpm.need_general_2), _xlpm.lg_b, _xlpm.lg_a + _xlpm.move_light_to_general, _xlpm.lr_b, _xlpm.lr_a, _xlpm.ll_b, _xlpm.ll_a - _xlpm.move_light_to_general, _xlpm.need_reduced, MAX(0, -_xlpm.lr_b), _xlpm.move_general_to_reduced, MIN(MAX(0, _xlpm.lg_b), _xlpm.need_reduced), _xlpm.lg_c, _xlpm.lg_b - _xlpm.move_general_to_reduced, _xlpm.lr_c, _xlpm.lr_b + _xlpm.move_general_to_reduced, _xlpm.need_reduced_2, MAX(0, -_xlpm.lr_c), _xlpm.move_light_to_reduced, MIN(MAX(0, _xlpm.ll_b), _xlpm.need_reduced_2), _xlpm.ll_c, _xlpm.ll_b - _xlpm.move_light_to_reduced, _xlpm.ll_c ) -> 0 | G52: =_xlfn.LET( _xlpm.s_general, E48, _xlpm.s_reduced, E49, _xlpm.l_general, E50, _xlpm.l_reduced, E51, _xlpm.l_light, E52, _xlpm.short_need, MAX(0, -(MIN(0, _xlpm.s_general) + MIN(0, _xlpm.s_reduced))), _xlpm.long_need, MAX(0, -(MIN(0, _xlpm.l_general) + MIN(0, _xlpm.l_reduced) + MIN(0, _xlpm.l_light))), _xlpm.give_lg, IF(AND(_xlpm.short_need>0, _xlpm.long_need=0), MIN(MAX(0, _xlpm.l_general), _xlpm.short_need), 0), _xlpm.rem_s1, IF(AND(_xlpm.short_need>0, _xlpm.long_need=0), _xlpm.short_need - _xlpm.give_lg, 0), _xlpm.give_lr, IF(AND(_xlpm.short_need>0, _xlpm.long_need=0), MIN(MAX(0, _xlpm.l_reduced), _xlpm.rem_s1), 0), _xlpm.rem_s2, IF(AND(_xlpm.short_need>0, _xlpm.long_need=0), _xlpm.rem_s1 - _xlpm.give_lr, 0), _xlpm.give_ll, IF(AND(_xlpm.short_need>0, _xlpm.long_need=0), MIN(MAX(0, _xlpm.l_light), _xlpm.rem_s2), 0), _xlpm.take_sg, IF(AND(_xlpm.long_need>0, _xlpm.short_need=0), MIN(MAX(0, _xlpm.s_general), _xlpm.long_need), 0), _xlpm.rem_l1, IF(AND(_xlpm.long_need>0, _xlpm.short_need=0), _xlpm.long_need - _xlpm.take_sg, 0), _xlpm.take_sr, IF(AND(_xlpm.long_need>0, _xlpm.short_need=0), MIN(MAX(0, _xlpm.s_reduced), _xlpm.rem_l1), 0), _xlpm.inc_l_general, MIN(MAX(0, -_xlpm.l_general), _xlpm.take_sg + _xlpm.take_sr), _xlpm.inc_l_reduced, MIN(MAX(0, -_xlpm.l_reduced), _xlpm.take_sg + _xlpm.take_sr - _xlpm.inc_l_general), _xlpm.inc_l_light, MIN(MAX(0, -_xlpm.l_light), _xlpm.take_sg + _xlpm.take_sr - _xlpm.inc_l_general - _xlpm.inc_l_reduced), _xlpm.l_light - _xlpm.give_ll + _xlpm.inc_l_light ) -> 0 | M52: 長期譲渡 | O52: =G23*15%+IF(G24<=20000000,G24*10%,(G24-20000000)*15%+2000000)+IF(G25<=60000000,G25*10%,(G25-60000000)*15%+6000000) -> 0 | P52: =G50*15%+IF(G51<=20000000,G51*10%,(G51-20000000)*15%+2000000)+IF(G52<=60000000,G52*10%,(G52-60000000)*15%+6000000) -> 0 | Q52: =G50*15%+IF(G51<=20000000,G51*10%,(G51-20000000)*15%+2000000)+IF(G52<=60000000,G52*10%,(G52-60000000)*15%+6000000) -> 0 | Z52: (ウ)山林（1/5）ベースの率 | AA52: =IF(N($AA$43)>0, LOOKUP(N($AA$43)/5, マスター!$Q$4:$Q$10, マスター!$V$4:$V$10), "") | AB52: =IF(N($AB$43)>0, LOOKUP(N($AB$43)/5, マスター!$Q$4:$Q$10, マスター!$V$4:$V$10), "")
M53: 一般・上場株式の譲渡 | O53: =O45*15% -> 0 | P53: =P45*15% -> 0 | Q53: =Q45*15% -> 0 | Z53: (ウ)退職ベースの率 | AA53: =IF(N($AA$44)>0, LOOKUP(N($AA$44), マスター!$Q$4:$Q$10, マスター!$V$4:$V$10), "") | AB53: =IF(N($AB$44)>0, LOOKUP(N($AB$44), マスター!$Q$4:$Q$10, マスター!$V$4:$V$10), "")
A54: 上場株式等に係る譲渡所得の金額 | C54: =インプット表!D19 -> 0 | E54: =_xlfn.LET( _xlpm.listed_transfer, C54, _xlpm.listed_dividend_pos, MAX(0, C55), _xlpm.use_dividend, MIN(_xlpm.listed_dividend_pos, MAX(0, -_xlpm.listed_transfer)), _xlpm.listed_transfer + _xlpm.use_dividend ) -> 0 | M54: 上場株式の配当等 | O54: =O46*15% -> 0 | P54: =P46*15% -> 0 | Q54: =Q46*15% -> 0 | Z54: (ウ)採用率（小さい方） | AA54: =IF(AND($AA52="", $AA53=""), "", MIN(IF($AA52="",1,$AA52), IF($AA53="",1,$AA53))) | AB54: =IF(AND($AB52="", $AB53=""), "", MIN(IF($AB52="",1,$AB52), IF($AB53="",1,$AB53)))
A55: 上場株式等に係る配当所得等の金額 | C55: =インプット表!D20 -> 0 | E55: =_xlfn.LET( _xlpm.listed_transfer, C54, _xlpm.listed_dividend_pos, MAX(0, C55), _xlpm.use_dividend, MIN(_xlpm.listed_dividend_pos, MAX(0, -_xlpm.listed_transfer)), MAX(0, C55 - _xlpm.use_dividend) ) -> 0 | M55: 先物取引 | O55: =O47*15% -> 0 | P55: =P47*15% -> 0 | Q55: =Q47*15% -> 0 | Z55: (エ)分離課税に基づく率（最小） | AA55: =IF(OR(N($AA$47)>0, N($AA$48)>0, N($AA$45)>0, N($AA$46)>0,), MIN( IF(N($AA$47)>0, 0.5937, 1), IF(OR(N($AA$48)>0, N($AA$45)>0, N($AA$46)>0), 0.74685, 1), ), "" ) | AB55: =IF(OR(N($AB$47)>0, N($AB$48)>0, N($AB$45)>0, N($AB$46)>0), MIN( IF(N($AB$47)>0, 0.5937, 1), IF(OR(N($AB$48)>0, N($AB$45)>0, N($AB$46)>0), 0.74685, 1) ), "" )
M56: 山林 | O56: {=(O48/5*INDEX(マスター!$D$3:$D$9,MATCH(1,(O48/5>=マスター!$A$3:$A$9)*(O48/5<=IF(マスター!$C$3:$C$9="",1E+99,マスター!$C$3:$C$9)),0))-INDEX(マスター!$E$3:$E$9,MATCH(1,(O48/5>=マスター!$A$3:$A$9)*(O48/5<=IF(マスター!$C$3:$C$9="",1E+99,マスター!$C$3:$C$9)),0)))*5} -> 0 | P56: {=(P48/5*INDEX(マスター!$D$3:$D$9,MATCH(1,(P48/5>=マスター!$A$3:$A$9)*(P48/5<=IF(マスター!$C$3:$C$9="",1E+99,マスター!$C$3:$C$9)),0))-INDEX(マスター!$E$3:$E$9,MATCH(1,(P48/5>=マスター!$A$3:$A$9)*(P48/5<=IF(マスター!$C$3:$C$9="",1E+99,マスター!$C$3:$C$9)),0)))*5} -> 0 | Q56: {=(Q48/5*INDEX(マスター!$D$3:$D$9,MATCH(1,(Q48/5>=マスター!$A$3:$A$9)*(Q48/5<=IF(マスター!$C$3:$C$9="",1E+99,マスター!$C$3:$C$9)),0))-INDEX(マスター!$E$3:$E$9,MATCH(1,(Q48/5>=マスター!$A$3:$A$9)*(Q48/5<=IF(マスター!$C$3:$C$9="",1E+99,マスター!$C$3:$C$9)),0)))*5} -> 0 | Z56: 特例控除の最終率 | AA56: =MIN( $AA$50, IF(AND($AA$49<0, N($AA$43)=0, N($AA$44)=0), $AA$51, 1), IF($AA$54<>"", $AA$54, 1), IF($AA$55<>"", $AA$55, 1) ) -> 0.56307 | AB56: =MIN( $AB$50, IF(AND($AB$49<0, N($AB$43)=0, N($AB$44)=0), $AB$51, 1), IF($AB$54<>"", $AB$54, 1), IF($AB$55<>"", $AB$55, 1) ) -> 0.7979
M57: 退職 | O57: {=O49*INDEX(マスター!$D$3:$D$9,MATCH(1,(O49>=マスター!$A$3:$A$9)*(O49<=IF(マスター!$C$3:$C$9="",1E+99,マスター!$C$3:$C$9)),0))-INDEX(マスター!$E$3:$E$9,MATCH(1,(O49>=マスター!$A$3:$A$9)*(O49<=IF(マスター!$C$3:$C$9="",1E+99,マスター!$C$3:$C$9)),0))} -> 0 | P57: {=P49*INDEX(マスター!$D$3:$D$9,MATCH(1,(P49>=マスター!$A$3:$A$9)*(P49<=IF(マスター!$C$3:$C$9="",1E+99,マスター!$C$3:$C$9)),0))-INDEX(マスター!$E$3:$E$9,MATCH(1,(P49>=マスター!$A$3:$A$9)*(P49<=IF(マスター!$C$3:$C$9="",1E+99,マスター!$C$3:$C$9)),0))} -> 0 | Q57: {=Q49*INDEX(マスター!$D$3:$D$9,MATCH(1,(Q49>=マスター!$A$3:$A$9)*(Q49<=IF(マスター!$C$3:$C$9="",1E+99,マスター!$C$3:$C$9)),0))-INDEX(マスター!$E$3:$E$9,MATCH(1,(Q49>=マスター!$A$3:$A$9)*(Q49<=IF(マスター!$C$3:$C$9="",1E+99,マスター!$C$3:$C$9)),0))} -> 0
M59: 課税所得に対する税額 | O59: =ROUNDDOWN(SUM(O50:O57),0) -> 2408820 | P59: =ROUNDDOWN(SUM(P50:P57),0) -> 230900 | Q59: =ROUNDDOWN(SUM(Q50:Q57),0) -> 238500
M60: 政党等寄付金等特別控除 | N60: 政党等寄付金 | O60: =INT( MIN( MAX( 0, MIN( N(インプット表!$J$23), MAX(0, 0.4*N(計算結果!$O$40) - MIN(N(インプット表!$J$21)+N(インプット表!$J$22)+N(インプット表!$J$24)+N(インプット表!$J$25), 0.4*N(計算結果!$O$40))) ) - MAX(0, 2000 - (N(インプット表!$J$21)+N(インプット表!$J$22)+N(インプット表!$J$24)+N(インプット表!$J$25))) ) * 0.3, N($O$59) * 0.25 ) / 100 ) * 100 -> 0 | P60: =INT( MIN( MAX( 0, MIN( N(インプット表!$K$23), MAX(0, 0.4*N(計算結果!$P$40) - MIN(N(インプット表!$K$21)+N(インプット表!$K$22)+N(インプット表!$K$24)+N(インプット表!$K$25), 0.4*N(計算結果!$P$40))) ) - MAX(0, 2000 - (N(インプット表!$K$21)+N(インプット表!$K$22)+N(インプット表!$K$24)+N(インプット表!$K$25))) ) * 0.3, N($P$59) * 0.25 ) / 100 ) * 100 -> 0 | Q60: =INT( MIN( MAX( 0, MIN( N(インプット表!$K$23), MAX(0, 0.4*N(計算結果!$Q$40) - MIN(N(インプット表!$K$21)+N(インプット表!$K$22)+N(インプット表!$K$24)+N(インプット表!$K$25), 0.4*N(計算結果!$Q$40))) ) - MAX(0, 2000 - (N(インプット表!$K$21)+N(インプット表!$K$22)+N(インプット表!$K$24)+N(インプット表!$K$25))) ) * 0.3, N($Q$59) * 0.25 ) / 100 ) * 100 -> 0
N61: 認定NPO法人寄付金 | O61: =ROUNDDOWN(INT( MIN( MAX( 0, MIN( N(インプット表!$J$24), MAX(0, 0.4*N(計算結果!$O$40) - MIN(N(インプット表!$J$21)+N(インプット表!$J$22)+N(インプット表!$J$25), 0.4*N(計算結果!$O$40))) ) - MAX(0, 2000 - (N(インプット表!$J$21)+N(インプット表!$J$22)+N(インプット表!$J$25))) ) * 0.4, N($O$59) * 0.25 ) / 100 ) * 100,-2) -> 5200 | P61: =INT( MIN( MAX( 0, MIN( N(インプット表!$K$24), MAX(0, 0.4*N(計算結果!$P$40) - MIN(N(インプット表!$K$21)+N(インプット表!$K$22)+N(インプット表!$K$25), 0.4*N(計算結果!$P$40))) ) - MAX(0, 2000 - (N(インプット表!$K$21)+N(インプット表!$K$22)+N(インプット表!$K$25))) ) * 0.4, N($P$59) * 0.25 ) / 100 ) * 100 -> 0 | Q61: =INT( MIN( MAX( 0, MIN( N(インプット表!$K$24), MAX(0, 0.4*N(計算結果!$Q$40) - MIN(N(インプット表!$K$21)+N(インプット表!$K$22)+N(インプット表!$K$25), 0.4*N(計算結果!$Q$40))) ) - MAX(0, 2000 - (N(インプット表!$K$21)+N(インプット表!$K$22)+N(インプット表!$K$25))) ) * 0.4, N($Q$59) * 0.25 ) / 100 ) * 100 -> 0
N62: 公益社団法人等寄付金 | O62: =INT( MIN( MAX( 0, MIN( N(インプット表!$J$25), MAX(0, 0.4*N(計算結果!$O$40) - MIN(N(インプット表!$J$21)+N(インプット表!$J$22), 0.4*N(計算結果!$O$40))) ) - MAX(0, 2000 - (N(インプット表!$J$21)+N(インプット表!$J$22))) ) * 0.4, MAX(0, N($O$59)*0.25 - N($O$61)) ) / 100 ) * 100 -> 0 | P62: =INT( MIN( MAX( 0, MIN( N(インプット表!$K$25), MAX(0, 0.4*N(計算結果!$P$40) - MIN(N(インプット表!$K$21)+N(インプット表!$K$22), 0.4*N(計算結果!$P$40))) ) - MAX(0, 2000 - (N(インプット表!$K$21)+N(インプット表!$K$22))) ) * 0.4, MAX(0, N($P$59)*0.25 - N($P$61)) ) / 100 ) * 100 -> 0 | Q62: =INT( MIN( MAX( 0, MIN( N(インプット表!$K$25), MAX(0, 0.4*N(計算結果!$Q$40) - MIN(N(インプット表!$K$21)+N(インプット表!$K$22), 0.4*N(計算結果!$Q$40))) ) - MAX(0, 2000 - (N(インプット表!$K$21)+N(インプット表!$K$22))) ) * 0.4, MAX(0, N($Q$59)*0.25 - N($Q$61)) ) / 100 ) * 100 -> 0
M63: 差引所得税額 | O63: =O59-SUM(O60:O62) -> 2403620 | P63: =P59-SUM(P60:P62) -> 230900 | Q63: =Q59-SUM(Q60:Q62) -> 238500
M64: 特別税額控除 | O64: =インプット表!J37*30000 -> 0 | P64: =インプット表!K37*30000 -> 0 | Q64: =インプット表!K37*30000 -> 0
M65: 再々差引所得税額 | O65: =O63-O64 -> 2403620 | P65: =P63-P64 -> 230900 | Q65: =Q63-Q64 -> 238500
M66: 復興特別所得税 | O66: =ROUNDDOWN(O65*0.021,0) -> 50476 | P66: =ROUNDDOWN(P65*0.021,0) -> 4848 | Q66: =ROUNDDOWN(Q65*0.021,0) -> 5008
M67: 所得税及び復興特別所得税の額 | O67: =ROUNDDOWN(SUM(O65:O66),0) -> 2454096 | P67: =ROUNDDOWN(SUM(P65:P66),0) -> 235748 | Q67: =ROUNDDOWN(SUM(Q65:Q66),0) -> 243508
M68: 源泉徴収税額 | O68: =インプット表!J39 -> 0 | P68: =インプット表!K39 -> 0 | Q68: =インプット表!K39 -> 0
M69: 申告納税額 | O69: =ROUNDDOWN(O67-O68,-2) -> 2454000 | P69: =ROUNDDOWN(P67-P68,-2) -> 235700 | Q69: =ROUNDDOWN(Q67-Q68,-2) -> 243500

Sheet 簡便版
D2: ワンストップ特例なし | M2: ワンストップ特例あり
E4: 寄付前① | F4: 寄付後② | G4: 差額(①－②) | N4: 寄付前① | O4: 寄付後② | P4: 差額(①－②)
B5: 所得税 | C5: 寄付した額 | E5: 0 | F5: =インプット表!K22 -> 48000 | G5: =+E5-F5 -> -48000 | K5: 所得税 | L5: 寄付した額 | N5: 0 | O5: =インプット表!K22 -> 48000 | P5: =+N5-O5 -> -48000
C6: 総合課税の合計額 | E6: =計算結果!Q6 -> 5000000 | F6: =+E6 -> 5000000 | G6: =+E6-F6 -> 0 | L6: 総合課税の合計額 | N6: =計算結果!Q6 -> 5000000 | O6: =+N6 -> 5000000 | P6: =+N6-O6 -> 0
C7: 所得控除額 | E7: =計算結果!Q25 -> 1670000 | F7: =+E7+F5-2000 -> 1716000 | G7: =+E7-F7 -> -46000 | L7: 所得控除額 | N7: =計算結果!Q25 -> 1670000 | O7: =計算結果!Q25 -> 1670000 | P7: =+N7-O7 -> 0
C8: 分離課税所得 | D8: 短期譲渡 | E8: =計算結果!Q29 -> 0 | F8: =+E8 -> 0 | G8: =+E8-F8 -> 0 | L8: 分離課税所得 | M8: 短期譲渡 | N8: =計算結果!Q29 -> 0 | O8: =+N8 -> 0 | P8: =+N8-O8 -> 0
D9: 長期譲渡 | E9: =計算結果!Q31 -> 0 | F9: =+E9 -> 0 | G9: =+E9-F9 -> 0 | M9: 長期譲渡 | N9: =計算結果!Q31 -> 0 | O9: =+N9 -> 0 | P9: =+N9-O9 -> 0
C10: 税 額 | D10: 総合課税(累進税率) | E10: =計算結果!Q50*1.021 -> 243508.5 | F10: =計算結果!P50*1.021 -> 235748.9 | G10: =E10-F10 -> 7759.6 | L10: 税 額 | M10: 総合課税(累進税率) | N10: =計算結果!Q50*1.021 -> 243508.5 | O10: =計算結果!P50*1.021 -> 235748.9
D11: 短期譲渡(30%) | E11: =E8*0.3*1.021 -> 0 | F11: =F8*0.3*1.021 -> 0 | G11: =E11-F11 -> 0 | M11: 短期譲渡(30%) | N11: =N8*0.3*1.021 -> 0 | O11: =O8*0.3*1.021 -> 0
D12: 長期譲渡(15%) | E12: =E9*0.15*1.021 -> 0 | F12: =F9*0.15*1.021 -> 0 | G12: =E12-F12 -> 0 | M12: 長期譲渡(15%) | N12: =N9*0.15*1.021 -> 0 | O12: =O9*0.15*1.021 -> 0
D13: 合 計 | E13: =SUM(E10:E12) -> 243508.5 | F13: =SUM(F10:F12) -> 235748.9 | G13: =E13-F13 -> 7759.6 | H13: 所得税の節税額 | M13: 合 計 | N13: =SUM(N10:N12) -> 243508.5 | O13: =SUM(O10:O12) -> 235748.9 | P13: =N13-O13 -> 7759.6 | Q13: 所得税の節税額ゼロ
B15: 住民税 | C15: 総合課税の合計額 | E15: =計算結果!AB6 -> 5000000 | F15: =+E15 -> 5000000 | G15: =+E15-F15 -> 0 | K15: 住民税 | L15: 総合課税の合計額 | N15: =計算結果!AB6 -> 5000000 | O15: =+N15 -> 5000000 | P15: =+N15-O15 -> 0
C16: 所得控除額 | E16: =計算結果!AB24 -> 1470000 | F16: =計算結果!AB24 -> 1470000 | G16: =+E16-F16 -> 0 | H16: 人的控除差 | I16: =計算結果!AB39 -> 50000 | L16: 所得控除額 | N16: =計算結果!AB24 -> 1470000 | O16: =計算結果!AB24 -> 1470000 | P16: =+N16-O16 -> 0 | Q16: 人的控除差 | R16: =計算結果!AB39 -> 50000
C17: 分離課税所得 | D17: 短期譲渡 | E17: =+E8 -> 0 | F17: =+E17 -> 0 | G17: =+E17-F17 -> 0 | L17: 分離課税所得 | M17: 短期譲渡 | N17: =+N8 -> 0 | O17: =+N17 -> 0 | P17: =+N17-O17 -> 0
D18: 長期譲渡 | E18: =+E9 -> 0 | F18: =+E18 -> 0 | G18: =+E18-F18 -> 0 | M18: 長期譲渡 | N18: =+N9 -> 0 | O18: =+N18 -> 0 | P18: =+N18-O18 -> 0
C19: 算出所得税額 | D19: 総合課税(10%) | E19: =(E15-E16)*0.1 -> 353000 | F19: =(F15-F16)*0.1 -> 353000 | G19: =+E19-F19 -> 0 | L19: 算出所得税額 | M19: 総合課税(10%) | N19: =(N15-N16)*0.1 -> 353000 | O19: =(O15-O16)*0.1 -> 353000 | P19: =+N19-O19 -> 0
D20: 短期譲渡(9%) | E20: =E17*0.09 -> 0 | F20: =F17*0.09 -> 0 | G20: =+E20-F20 -> 0 | M20: 短期譲渡(9%) | N20: =N17*0.09 -> 0 | O20: =O17*0.09 -> 0 | P20: =+N20-O20 -> 0
D21: 長期譲渡(5%) | E21: =E18*0.05 -> 0 | F21: =F18*0.05 -> 0 | G21: =+E21-F21 -> 0 | M21: 長期譲渡(5%) | N21: =N18*0.05 -> 0 | O21: =O18*0.05 -> 0 | P21: =+N21-O21 -> 0
D22: 合計 | E22: =SUM(E19:E21) -> 353000 | F22: =SUM(F19:F21) -> 353000 | G22: =+E22-F22 -> 0 | M22: 合計 | N22: =SUM(N19:N21) -> 353000 | O22: =SUM(O19:O21) -> 353000 | P22: =+N22-O22 -> 0
C23: 調整控除額 | E23: =SUM(計算結果!X14:X15) -> 2500 | F23: =SUM(計算結果!W14:W15) -> 2500 | G23: =+E23-F23 -> 0 | L23: 調整控除額 | N23: =SUM(計算結果!X14:X15) -> 2500 | O23: =SUM(計算結果!W14:W15) -> 2500 | P23: =+N23-O23 -> 0
C24: 調整控除後所得割額 | E24: =E22-E23 -> 350500 | F24: =F22-F23 -> 350500 | G24: =+E24-F24 -> 0 | L24: 調整控除後所得割額 | N24: =N22-N23 -> 350500 | O24: =O22-O23 -> 350500 | P24: =+N24-O24 -> 0
C25: 控除額 | D25: 基本控除額 | E25: 0 | F25: =SUM(計算結果!W21:W22) -> 4600 | G25: =+E25-F25 -> -4600 | L25: 控除額 | M25: 基本控除額 | N25: 0 | O25: =SUM(計算結果!W21:W22) -> 4600 | P25: =+N25-O25 -> -4600
D26: 特例控除額 | E26: 0 | F26: =SUM(計算結果!W30:W31) -> 36705 | G26: =+E26-F26 -> -36705 | M26: 特例控除額 | N26: 0 | O26: =SUM(計算結果!W30:W31) -> 36705 | P26: =+N26-O26 -> -36705
D27: 合 計 | E27: 0 | F27: =SUM(F25:F26) -> 41305 | G27: =+E27-F27 -> -41305 | H27: 住民税の節税額 | M27: 申告特例控除額 | N27: 0 | O27: =SUM(計算結果!W33:W34) -> 0 | P27: =+N27-O27 -> 0
M28: 合 計 | N28: 0 | O28: =SUM(O25:O27) -> 41305 | P28: =+N28-O28 -> -41305 | Q28: 住民税の節税額
D29: 所得税＋住民税 | E29: =E13+E22-E27 -> 596508.5 | F29: =F13+F22-F27 -> 547443.9 | G29: =E29-F29 -> 49064.6 | H29: 所得税＋住民税の節税額
M30: 所得税＋住民税 | N30: =N13+N22-N28 -> 596508.5 | O30: =O13+O22-O28 -> 547443.9 | P30: =N30-O30 -> 49064.6 | Q30: 所得税＋住民税の節税額

Sheet マスター
A1: 所得税 | J1: 住民税
A2: 課税される所得金額 | L2: 指定都市 | N2: 指定都市以外
A3: 0 | B3: ~ | C3: 1949000 | D3: 0.05 | E3: 0 | L3: 市 | M3: 県 | N3: 市 | O3: 県 | Q3: 課税所得総所得金額－人的控除差調整額 | T3: 所得税率 | U3: 復興考慮 | X3: 申告特例控除額
A4: =C3+1000 -> 1950000 | B4: ~ | C4: 3299000 | D4: 0.1 | E4: 97500 | J4: 税率 | L4: 0.08 | M4: 0.02 | N4: 0.06 | O4: 0.04 | Q4: 0 | R4: ~ | S4: 1950000 | T4: 0.05 | U4: =T4*1.021 -> 0.05105 | V4: =100%-10%-U4 -> 0.84895 | X4: 0 | Y4: ~ | Z4: 1950000 | AA4: =5.105/84.895 -> 0.060133106
A5: =C4+1000 -> 3300000 | B5: ~ | C5: 6949000 | D5: 0.2 | E5: 427500 | J5: 短期 | K5: 一般 | L5: 0.072 | M5: 0.018 | N5: 0.054 | O5: 0.036 | Q5: 1951000 | R5: ~ | S5: 3300000 | T5: 0.1 | U5: =T5*1.021 -> 0.1021 | V5: =100%-10%-U5 -> 0.7979 | X5: 1951000 | Y5: ~ | Z5: 3300000 | AA5: =10.21/79.79 -> 0.1279609
A6: =C5+1000 -> 6950000 | B6: ~ | C6: 8999000 | D6: 0.23 | E6: 636000 | K6: 軽減 | L6: 0.04 | M6: 0.01 | N6: 0.03 | O6: 0.02 | Q6: 3301000 | R6: ~ | S6: 6950000 | T6: 0.2 | U6: =T6*1.021 -> 0.2042 | V6: =100%-10%-U6 -> 0.6958 | X6: 3301000 | Y6: ~ | Z6: 6950000 | AA6: =20.42/69/58 -> 0.0051024488
A7: =C6+1000 -> 9000000 | B7: ~ | C7: 17999000 | D7: 0.33 | E7: 1536000 | J7: 長期 | K7: 一般 | L7: 0.04 | M7: 0.01 | N7: 0.03 | O7: 0.02 | Q7: 6951000 | R7: ~ | S7: 9000000 | T7: 0.23 | U7: =T7*1.021 -> 0.23483 | V7: =100%-10%-U7 -> 0.66517 | X7: 6951000 | Y7: ~ | Z7: 9000000 | AA7: =23.483/66.517 -> 0.35303757
A8: =C7+1000 -> 18000000 | B8: ~ | C8: 39999000 | D8: 0.4 | E8: 2796000 | K8: 特定 2000万円以下 | L8: 0.032 | M8: 0.008 | N8: 0.024 | O8: 0.016 | Q8: 9001000 | R8: ~ | S8: 18000000 | T8: 0.33 | U8: =T8*1.021 -> 0.33693 | V8: =100%-10%-U8 -> 0.56307 | X8: 9001000 | Y8: ~ | AA8: =33.693/56.307 -> 0.59838031
A9: =C8+1000 -> 40000000 | B9: ~ | D9: 0.45 | E9: 4796000 | K9: 特定 2000万円超 | L9: 0.04 | M9: 0.01 | N9: 0.03 | O9: 0.02 | Q9: 18001000 | R9: ~ | S9: 40000000 | T9: 0.4 | U9: =T9*1.021 -> 0.4084 | V9: =100%-10%-U9 -> 0.4916
K10: 軽課 6000万円以下 | L10: 0.032 | M10: 0.008 | N10: 0.024 | O10: 0.016 | Q10: 40001000 | R10: ~ | T10: 0.45 | U10: =T10*1.021 -> 0.45945 | V10: =100%-10%-U10 -> 0.44055
K11: 軽課 6000万円超 | L11: 0.04 | M11: 0.01 | N11: 0.03 | O11: 0.02 | Q11: C-2課税総所得金額ー人的控除差調整額がゼロ未満かつ山林がゼロかつ退職がゼロ | T11: 0 | U11: =T11*1.021 -> 0 | V11: =100%-10%-U11 -> 0.9
J12: 一般株式等の譲渡 | L12: 0.04 | M12: 0.01 | N12: 0.03 | O12: 0.02 | Q12: C-3課税総所得金額ー人的控除差調整額がゼロ未満かつ山林または退職がある
J13: 上場株式等の譲渡 | L13: 0.04 | M13: 0.01 | N13: 0.03 | O13: 0.02 | Q13: C-4分離課税の所得がある
J14: 上場株式等の配当等 | L14: 0.04 | M14: 0.01 | N14: 0.03 | O14: 0.02 | S14: 短期譲渡所得 | T14: 0.3 | U14: =T14*1.021 -> 0.3063 | V14: =100%-10%-U14 -> 0.5937
J15: 先物取引 | L15: 0.04 | M15: 0.01 | N15: 0.03 | O15: 0.02 | S15: 長期譲渡所得 | T15: 0.15 | U15: =T15*1.021 -> 0.15315 | V15: =100%-10%-U15 -> 0.74685
J16: 山林 | L16: 0.08 | M16: 0.02 | N16: 0.06 | O16: 0.04 | S16: 上場配当所得 | T16: 0.15 | U16: =T16*1.021 -> 0.15315 | V16: =100%-10%-U16 -> 0.74685
J17: 退職 | L17: 0.08 | M17: 0.02 | N17: 0.06 | O17: 0.04 | S17: 株式譲渡所得 | T17: 0.15 | U17: =T17*1.021 -> 0.15315 | V17: =100%-10%-U17 -> 0.74685
J18: 調整控除 | L18: 0.04 | M18: 0.01 | N18: 0.03 | O18: 0.02 | S18: 先物取引 | T18: 0.15 | U18: =T18*1.021 -> 0.15315 | V18: =100%-10%-U18 -> 0.74685
J19: 基本控除 | L19: 0.08 | M19: 0.02 | N19: 0.06 | O19: 0.04
J20: 特例控除 | L20: 0.8 | M20: 0.2 | N20: 0.6 | O20: 0.4
Q24: INDEX(マスター!$D$3:$D$9,MATCH(1,(P41>=マスター!$A$3:$A$9)*(P41<=IF(マスター!$C$3:$C$9="",1E+99,マスター!$C$3:$C$9)),0))
Q26: {=INDEX(マスター!$AA$4:$AA$8,MATCH(1,(計算結果!$AA$49>=マスター!$X$4:$X$8)*(計算結果!$AA$49<=IF(マスター!$Z$4:$Z$8="",1E+99,マスター!$Z$4:$Z$8)),0))} -> 0.59838031

Sheet ふるさと上限
A1: ■入力/参照
A2: 課税総所得金額（計算結果!w7） | B2: =計算結果!W7 -> 3530000
A3: 住民税 所得割額（税額控除**後** 合計） | B3: =計算結果!W17+計算結果!W18 -> 350500
A4: 人的控除差調整ベースの特例率f（標準：90%-所得税率×1.021） | B4: {=_xlfn.LET( _xlpm.x, MAX(0, 計算結果!$W$7 - 計算結果!$AB$51), _xlpm.lower, VALUE(SUBSTITUTE(マスター!$S$3:$S$9, ",","")), _xlpm.factor, マスター!$V$3:$V$9+0, _xlfn.XLOOKUP(_xlpm.x, _xlpm.lower, _xlpm.factor, , 1) )} -> 0.6958
A5: （参考）ワンストップ特例の特例率f_ws（=90%固定） | B5: 0.9
A7: ■上限の理論式（特例分の20%上限に達する寄附額X）
A8: X_cap20（確定申告・標準） | B8: =ROUNDDOWN( ( (計算結果!$W$17 + 計算結果!$W$18) * 0.2 ) / 計算結果!AB56 + 2000, 0 ) -> 89855
A9: X_cap20_ws（ワンストップ特例） | B9: =ROUNDDOWN( ( (計算結果!$W$17 + 計算結果!$W$18) * 0.2 ) / 計算結果!AB56 + 2000, 0 ) -> 89855
A11: ■法定の金額側上限（寄附金額の総枠）
A12: 所得税側の対象上限（総所得等の40%） | B12: =ROUND( VALUE(計算結果!$AB$6)*0.4 + 2000, 0 ) -> 2002000
A13: 住民税側の対象上限（総所得等の30%） | B13: =ROUND( VALUE(計算結果!$AB$6)*0.3 + 2000, 0 ) -> 1502000
A15: ■最終上限（推奨）
A16: 確定申告を行う場合の上限（min(X_cap20, 30%枠, 40%枠)） | B16: =MIN($B$8,$B$12,$B$13) -> 89855
A17: ワンストップ特例の上限（min(X_cap20_ws, 30%枠)） | B17: =MIN($B$9,$B$13) -> 89855
A22: ※注意：上記の20%上限の基礎は『税額控除前の住民税所得割額』です。住宅ローン控除等の税額控除がある場合は、各控除の適用順序と相互作用により実効上限が下がることがあります。

Sheet 寄付控除計算概要
A1: 寄付控除 | B1: ＝ | C1: 所得税 | D1: = | E1: (寄付ー2,000)*(所得税率*1.021) ※上限：総所得金額等の40% | O1: A | P1: 課税総所得金額ー人的控除差調整額がゼロ以上 | S1: 復興考慮後 | U1: 特例控除の控除率
C2: 住民税 | D2: = | E2: (寄付ー2,000)*10％ ※上限：総所得金額等の30% | P2: ~195万円 | Q2: 0.05 | S2: =Q2*1.021 -> 0.05105 | U2: =100%-10%-S2 -> 0.84895
D3: + | E3: (寄付ー2,000)*(100%ー10%ー(所得税率*1.021)) ※上限：調整控除後の住民税所得割額の20% | P3: ~330万円 | Q3: 0.1 | S3: =Q3*1.021 -> 0.1021 | U3: =100%-10%-S3 -> 0.7979
H4: ケース分岐 | P4: ~695万円 | Q4: 0.2 | S4: =Q4*1.021 -> 0.2042 | U4: =100%-10%-S4 -> 0.6958
G5: 特例控除の控除率 | P5: ~900万円 | Q5: 0.23 | S5: =Q5*1.021 -> 0.23483 | U5: =100%-10%-S5 -> 0.66517
P6: ~1800万円 | Q6: 0.33 | S6: =Q6*1.021 -> 0.33693 | U6: =100%-10%-S6 -> 0.56307
P7: ~4000万円 | Q7: 0.4 | S7: =Q7*1.021 -> 0.4084 | U7: =100%-10%-S7 -> 0.4916
P8: 4000万円~ | Q8: 0.45 | S8: =Q8*1.021 -> 0.45945 | U8: =100%-10%-S8 -> 0.44055
O10: B | P10: 課税総所得金額ー人的控除差調整額がゼロ未満かつ山林がゼロかつ退職がゼロ
Q11: 0 | S11: =Q11*1.021 -> 0 | U11: =100%-10%-S11 -> 0.9
O13: C | P13: 課税総所得金額ー人的控除差調整額がゼロ未満かつ山林があるまたは退職がある
P14: 山林あり
P15: 退職あり
P16: どりらもあり
O18: D | P18: 分離課税の所得がある（Aに当てはまっても分離課税があればDも適用）
P19: 土地等に係る事業所得等 | Q19: 0.4 | S19: =Q19*1.021 -> 0.4084 | U19: =100%-10%-S19 -> 0.4916
P20: 短期譲渡所得 | Q20: 0.3 | S20: =Q20*1.021 -> 0.3063 | U20: =100%-10%-S20 -> 0.5937
P21: 長期譲渡所得 | Q21: 0.15 | S21: =Q21*1.021 -> 0.15315 | U21: =100%-10%-S21 -> 0.74685
P22: 上場配当所得 | Q22: 0.15 | S22: =Q22*1.021 -> 0.15315 | U22: =100%-10%-S22 -> 0.74685
P23: 株式譲渡所得 | Q23: 0.15 | S23: =Q23*1.021 -> 0.15315 | U23: =100%-10%-S23 -> 0.74685
P24: 先物取引 | Q24: 0.15 | S24: =Q24*1.021 -> 0.15315 | U24: =100%-10%-S24 -> 0.74685
P25: かつCも計算したうえで該当する%の中でいずれか低い%
